DateTime,Temperature,Humidity,Wind Speed,general diffuse flows,diffuse flows,Zone 1 Power Consumption,Zone 2  Power Consumption,Zone 3  Power Consumption
1/1/2017 0:00,6.559,73.8,0.083,0.051,0.119,34055.6962,16128.87538,20240.96386
1/1/2017 0:10,6.414,74.5,0.083,0.07,0.085,29814.68354,19375.07599,20131.08434
1/1/2017 0:20,6.313,74.5,0.08,0.062,0.1,29128.10127,19006.68693,19668.43373
1/1/2017 0:30,6.121,75,0.083,0.091,0.096,28228.86076,18361.09422,18899.27711
1/1/2017 0:40,5.921,75.7,0.081,0.048,0.085,27335.6962,17872.34043,18442.40964
1/1/2017 0:50,5.853,76.9,0.081,0.059,0.108,26624.81013,17416.41337,18130.12048
1/1/2017 1:00,5.641,77.7,0.08,0.048,0.096,25998.98734,16993.31307,17945.06024
1/1/2017 1:10,5.496,78.2,0.085,0.055,0.093,25446.07595,16661.39818,17459.27711
1/1/2017 1:20,5.678,78.1,0.081,0.066,0.141,24777.72152,16227.35562,17025.54217
1/1/2017 1:30,5.491,77.3,0.082,0.062,0.111,24279.49367,15939.20973,16794.21687
1/1/2017 1:40,5.516,77.5,0.081,0.051,0.108,23896.70886,15435.86626,16638.07229
1/1/2017 1:50,5.471,76.7,0.083,0.059,0.126,23544.3038,15213.37386,16395.18072
1/1/2017 2:00,5.059,78.6,0.081,0.07,0.096,23003.5443,15169.60486,16117.59036
1/1/2017 2:10,4.968,78.8,0.084,0.07,0.134,22329.11392,14710.0304,15822.6506
1/1/2017 2:20,4.975,78.9,0.083,0.055,0.152,22092.1519,14421.8845,15672.28916
1/1/2017 2:30,4.897,79.1,0.083,0.07,0.096,21903.79747,14104.55927,15597.10843
1/1/2017 2:40,5.02,79.7,0.081,0.051,0.134,21685.06329,13965.95745,15510.36145
1/1/2017 2:50,5.407,78.5,0.082,0.062,0.163,21484.55696,13612.15805,15336.86747
1/1/2017 3:00,5.169,77.9,0.083,0.066,0.108,21107.8481,13535.56231,15140.24096
1/1/2017 3:10,5.081,77.7,0.084,0.051,0.13,20998.48101,13371.42857,15059.27711
1/1/2017 3:20,5.041,77.2,0.081,0.062,0.152,20870.88608,13196.35258,15013.01205
1/1/2017 3:30,5.034,76.9,0.083,0.051,0.185,20870.88608,13167.17325,14897.3494
1/1/2017 3:40,4.896,76.6,0.085,0.07,0.137,20597.46835,13137.99392,14602.40964
1/1/2017 3:50,4.805,76.2,0.081,0.059,0.134,20421.26582,12908.20669,14590.84337
1/1/2017 4:00,4.753,75.7,0.083,0.044,0.134,20524.55696,12820.66869,14585.06024
1/1/2017 4:10,4.901,74.4,0.083,0.07,0.122,20482.02532,13032.21884,14452.04819
1/1/2017 4:20,5.203,74.1,0.085,0.062,0.096,20530.63291,12926.44377,14232.28916
1/1/2017 4:30,5.394,71.9,0.081,0.073,0.1,20512.40506,12948.32827,14157.10843
1/1/2017 4:40,5.156,74,0.079,0.062,0.148,20494.17722,12922.79635,14232.28916
1/1/2017 4:50,5.179,74.2,0.083,0.037,0.137,20311.89873,12879.02736,14243.85542
1/1/2017 5:00,4.934,72.9,0.082,0.055,0.134,20542.78481,12806.07903,14243.85542
1/1/2017 5:10,4.718,75.8,0.08,0.051,0.152,20621.77215,12853.49544,14105.06024
1/1/2017 5:20,5.546,74,0.082,0.055,0.093,20627.8481,12842.55319,14266.98795
1/1/2017 5:30,4.658,73.5,0.08,0.044,0.104,20797.97468,13137.99392,14353.73494
1/1/2017 5:40,4.382,76.9,0.081,0.073,0.148,20858.73418,13203.64742,14538.79518
1/1/2017 5:50,4.212,78.3,0.081,0.117,0.082,21393.41772,13575.68389,14862.6506
1/1/2017 6:00,4.308,77.2,0.081,0.062,0.126,22219.74684,14068.08511,14908.91566
1/1/2017 6:10,4.735,74.3,0.08,0.04,0.156,21928.10127,13852.88754,14729.63855
1/1/2017 6:20,4.769,75.6,0.082,0.099,0.063,21776.20253,13626.74772,14625.54217
1/1/2017 6:30,4.92,73.7,0.083,0.099,0.096,21654.68354,13582.97872,14480.96386
1/1/2017 6:40,4.408,76.7,0.082,0.037,0.119,21466.32911,13539.20973,14319.03614
1/1/2017 6:50,4.29,77,0.085,0.033,0.193,20846.58228,12908.20669,14018.31325
1/1/2017 7:00,4.304,76,0.082,0.048,0.152,19983.79747,12342.85714,13492.04819
1/1/2017 7:10,4.513,74.6,0.084,0.055,0.134,18908.35443,11897.87234,12630.36145
1/1/2017 7:20,4.489,74.3,0.082,0.081,0.119,18167.08861,11551.36778,11600.96386
1/1/2017 7:30,4.356,72.3,0.082,0.07,0.119,18075.94937,11263.22188,10640.96386
1/1/2017 7:40,4.478,72.2,0.083,0.073,0.089,18063.79747,10719.75684,10455.90361
1/1/2017 7:50,4.583,71,0.083,0.066,0.104,18045.56962,10924.01216,10496.38554
1/1/2017 8:00,4.794,72,0.084,0.187,0.145,18385.82278,10949.54407,10710.36145
1/1/2017 8:10,4.807,73.1,0.082,0.955,0.949,18987.34177,11347.11246,10837.59036
1/1/2017 8:20,4.757,73.5,0.083,3.188,3.134,19576.70886,11733.7386,10941.68675
1/1/2017 8:30,4.509,74.5,0.084,6.643,6.494,19837.97468,11945.28875,11178.79518
1/1/2017 8:40,4.346,74.8,0.082,12.64,10.13,20166.07595,12029.17933,11514.21687
1/1/2017 8:50,4.718,73.7,0.081,58.97,17,20676.4557,12426.74772,11959.51807
1/1/2017 9:00,4.704,71.8,0.083,82.5,20.15,21296.20253,12871.73252,12283.37349
1/1/2017 9:10,4.624,74.1,0.082,106.9,22.55,22043.5443,13203.64742,12427.95181
1/1/2017 9:20,4.629,74.8,0.083,132.1,24.3,22651.13924,13542.85714,12826.98795
1/1/2017 9:30,4.599,74,0.082,156.1,26.9,23131.13924,14046.20061,13121.92771
1/1/2017 9:40,4.524,74.7,0.081,182.4,28.19,23641.51899,14392.70517,13648.19277
1/1/2017 9:50,4.575,74.5,0.082,208.8,29.2,24668.35443,14830.39514,13850.60241
1/1/2017 10:00,5.124,73.7,0.076,234.8,29.23,25275.94937,15238.90578,14162.89157
1/1/2017 10:10,5.836,71.3,2.66,257.9,31.01,25920,15837.08207,14428.91566
1/1/2017 10:20,5.996,69.85,4.93,282.7,31.96,26393.92405,16059.57447,14671.80723
1/1/2017 10:30,6.22,68.81,4.924,307,32.42,26861.77215,16322.18845,15036.14458
1/1/2017 10:40,6.703,68.01,4.923,327.6,33.22,27511.89873,16774.46809,15267.46988
1/1/2017 10:50,6.993,66.14,4.918,349.6,33.41,28149.87342,17164.74164,15244.33735
1/1/2017 11:00,7.54,64.21,4.916,371.1,33.43,28714.93671,17507.59878,15591.3253
1/1/2017 11:10,8.22,61.9,4.916,388.2,33.89,29043.03797,17478.41945,15816.86747
1/1/2017 11:20,9.49,59.3,2.451,401.3,34.4,29261.77215,17792.09726,15932.53012
1/1/2017 11:30,10.65,56.03,0.084,419.5,35.29,29474.43038,17748.32827,16053.9759
1/1/2017 11:40,11.06,53.52,0.082,430.9,37.58,29523.03797,17963.52584,16256.38554
1/1/2017 11:50,12.4,53.26,0.08,437.5,43.46,29711.39241,18142.24924,16354.6988
1/1/2017 12:00,13.08,54.36,0.077,450.4,43.2,29644.55696,18131.30699,16562.89157
1/1/2017 12:10,14.38,54.42,0.076,470.5,37.92,29802.53165,18102.12766,16522.40964
1/1/2017 12:20,15.02,56.46,0.074,480,38.81,29887.59494,18156.83891,16649.63855
1/1/2017 12:30,15.55,58.7,0.075,486.1,39.46,30039.49367,18335.56231,16869.39759
1/1/2017 12:40,15.56,59.23,0.076,490.2,40.92,29966.58228,18204.25532,17094.93976
1/1/2017 12:50,15.49,59.3,0.076,495.9,40.9,29996.96203,18196.96049,17418.79518
1/1/2017 13:00,15.57,58.06,0.077,498.1,40.94,30258.22785,18466.8693,17413.01205
1/1/2017 13:10,15.65,58.7,0.077,498.1,42.75,30404.05063,18350.15198,17436.14458
1/1/2017 13:20,15.73,59.33,0.076,498.8,44.65,30094.17722,18331.91489,17332.04819
1/1/2017 13:30,15.68,58.6,0.079,497,44.26,30161.01266,18419.45289,17465.06024
1/1/2017 13:40,15.7,55.29,0.074,489.2,39.32,30318.98734,18310.0304,17164.33735
1/1/2017 13:50,15.75,52.45,0.077,482.4,38.65,30154.93671,18390.27356,16979.27711
1/1/2017 14:00,15.83,54.99,0.079,476.1,39.49,29984.81013,18353.79939,17054.45783
1/1/2017 14:10,15.79,56.66,0.076,467.7,39.94,30021.26582,18142.24924,17048.6747
1/1/2017 14:20,15.72,55.86,0.077,456.1,39.95,30021.26582,18113.06991,16950.36145
1/1/2017 14:30,15.8,54.06,0.075,449.2,41.52,29911.89873,18036.47416,16823.13253
1/1/2017 14:40,15.74,55.56,0.075,437.4,44.13,29747.8481,17996.35258,16684.33735
1/1/2017 14:50,15.72,56.69,0.077,422,43.87,29705.31646,17952.58359,16678.55422
1/1/2017 15:00,15.64,57.26,0.077,409,44.9,29571.64557,17894.22492,16753.73494
1/1/2017 15:10,15.69,57.96,0.074,391.8,46.89,29553.41772,17846.80851,16805.78313
1/1/2017 15:20,15.69,58.93,0.075,369.4,51.51,29383.29114,17525.83587,16649.63855
1/1/2017 15:30,15.6,58.7,0.073,321,57.14,29061.26582,17547.72036,16586.0241
1/1/2017 15:40,15.39,57.6,0.075,180.3,60.31,28885.06329,17770.21277,16476.14458
1/1/2017 15:50,15.34,58.7,0.075,149.5,67.85,28854.68354,17751.97568,16296.86747
1/1/2017 16:00,15.33,59.23,0.077,209.1,128.9,28836.4557,17646.20061,16256.38554
1/1/2017 16:10,15.48,57.46,0.074,265.1,219.1,28708.86076,17514.89362,16250.60241
1/1/2017 16:20,15.54,58.3,0.076,241.3,246,28556.96203,17325.22796,16192.77108
1/1/2017 16:30,15.53,58.8,0.077,219,248.1,28514.43038,17456.53495,16343.13253
1/1/2017 16:40,15.48,57.73,0.075,195.7,231.6,28666.32911,17449.24012,16522.40964
1/1/2017 16:50,15.47,58.23,0.077,174.9,211.9,29097.72152,17627.96353,16765.3012
1/1/2017 17:00,15.44,59.07,0.076,165.8,201.7,29723.5443,17708.20669,17719.51807
1/1/2017 17:10,15.35,59.3,0.077,132,163,30871.89873,18649.24012,19408.19277
1/1/2017 17:20,15.34,59,0.079,117.4,144.3,32700.75949,20192.09726,21883.37349
1/1/2017 17:30,15.11,59.53,0.076,97.6,120.6,35793.41772,22238.29787,23942.16867
1/1/2017 17:40,14.93,60.83,0.077,76.5,94,38321.01266,23613.37386,25179.75904
1/1/2017 17:50,14.71,61.87,0.086,26.51,28.08,39129.11392,24167.78116,25520.96386
1/1/2017 18:00,14.48,63.27,0.08,18,18.29,39560.50633,24455.92705,25544.09639
1/1/2017 18:10,14.29,63.94,0.078,6.994,7.02,39517.97468,24463.22188,25619.27711
1/1/2017 18:20,14.09,64.87,0.078,2.818,2.763,39596.96203,24000,25798.55422
1/1/2017 18:30,13.89,66.11,0.076,0.809,0.89,39469.36709,24251.67173,25792.77108
1/1/2017 18:40,13.79,66.74,0.076,0.146,0.197,39682.02532,24401.21581,25734.93976
1/1/2017 18:50,13.54,66.71,0.076,0.062,0.089,39888.60759,24598.17629,25885.3012
1/1/2017 19:00,12.51,68.35,0.077,0.055,0.085,39991.89873,24477.81155,25989.39759
1/1/2017 19:10,12.06,70.2,0.078,0.066,0.096,40210.63291,24729.48328,26035.66265
1/1/2017 19:20,11.75,70.7,0.079,0.055,0.126,40216.70886,24671.12462,26191.80723
1/1/2017 19:30,11.61,70.7,0.077,0.081,0.126,40435.44304,24678.41945,26105.06024
1/1/2017 19:40,11.5,70.6,0.078,0.059,0.074,40514.43038,24842.55319,26342.16867
1/1/2017 19:50,11.43,70.7,0.076,0.048,0.093,40544.81013,24755.0152,26452.04819
1/1/2017 20:00,11.42,71.2,0.076,0.073,0.085,40283.5443,24919.14894,26469.39759
1/1/2017 20:10,11.69,71.1,0.078,0.091,0.104,40216.70886,25137.99392,26573.49398
1/1/2017 20:20,12.05,69.82,0.077,0.048,0.108,40477.97468,25437.08207,26434.6988
1/1/2017 20:30,11.87,69.98,0.076,0.051,0.093,40611.64557,25597.56839,26533.01205
1/1/2017 20:40,11.61,71.2,0.078,0.04,0.119,40435.44304,25706.99088,26515.66265
1/1/2017 20:50,11.5,72,0.078,0.07,0.078,40204.55696,25637.68997,26434.6988
1/1/2017 21:00,11.43,72,0.075,0.051,0.07,39584.81013,25396.96049,25966.26506
1/1/2017 21:10,11.29,72.2,0.075,0.051,0.119,39274.93671,25309.42249,25578.79518
1/1/2017 21:20,11.49,73.1,0.077,0.044,0.085,39141.26582,24900.91185,25607.71084
1/1/2017 21:30,12.24,70.1,0.077,0.073,0.089,38643.03797,24827.96353,25359.03614
1/1/2017 21:40,11.84,68.78,0.074,0.066,0.093,38011.13924,24455.92705,24971.56627
1/1/2017 21:50,12.2,68.78,0.074,0.066,0.122,37622.27848,24127.65957,24584.09639
1/1/2017 22:00,13.1,65.44,0.074,0.04,0.141,36953.92405,24000,23976.86747
1/1/2017 22:10,13.2,63.84,0.074,0.081,0.093,36394.93671,23872.34043,23415.90361
1/1/2017 22:20,13.18,63.97,0.075,0.081,0.093,35289.11392,23306.99088,22698.79518
1/1/2017 22:30,12.64,66.77,0.072,0.044,0.141,34438.48101,22975.07599,22322.89157
1/1/2017 22:40,12.39,68.04,0.074,0.084,0.115,33678.98734,22489.9696,21813.9759
1/1/2017 22:50,12.24,69.18,0.077,0.059,0.119,33077.46835,21760.48632,21264.57831
1/1/2017 23:00,12.11,69.94,0.074,0.088,0.082,32117.46835,21253.49544,20686.26506
1/1/2017 23:10,12.07,70.7,0.076,0.033,0.078,31357.97468,20768.38906,20397.10843
1/1/2017 23:20,11.99,70.8,0.075,0.055,0.134,30701.77215,20337.99392,19905.54217
1/1/2017 23:30,11.32,74.7,0.075,0.07,0.1,29681.01266,19823.70821,19252.04819
1/1/2017 23:40,11.37,74.8,0.074,0.084,0.082,28830.37975,19488.1459,18847.22892
1/1/2017 23:50,11.41,74.1,0.076,0.077,0.122,27748.86076,18962.91793,18384.57831
1/2/2017 0:00,11.01,75.8,0.076,0.033,0.163,26703.79747,18047.41641,17916.14458
1/2/2017 0:10,10.74,77.3,0.078,0.084,0.108,26169.11392,17507.59878,17349.39759
1/2/2017 0:20,10.47,78.2,0.078,0.088,0.13,25622.27848,17120.97264,16985.06024
1/2/2017 0:30,10.31,79.2,0.076,0.091,0.134,24972.1519,16785.41033,16586.0241
1/2/2017 0:40,10.63,79.3,0.079,0.037,0.152,24437.46835,16453.49544,16366.26506
1/2/2017 0:50,10.84,78.4,0.073,0.062,0.156,23914.93671,16132.5228,16106.0241
1/2/2017 1:00,10.94,78.1,0.074,0.084,0.108,23629.36709,15720.36474,15643.37349
1/2/2017 1:10,11.12,77.9,0.073,0.055,0.145,23118.98734,15304.55927,15307.95181
1/2/2017 1:20,11.02,77.5,0.081,0.062,0.178,22736.20253,15136.77812,15093.9759
1/2/2017 1:30,10.5,78.9,0.076,0.066,0.145,22049.62025,14637.08207,14972.53012
1/2/2017 1:40,10.22,79.8,0.078,0.088,0.126,21855.18987,14414.58967,14833.73494
1/2/2017 1:50,10.42,81.3,0.075,0.073,0.13,21685.06329,14250.45593,14625.54217
1/2/2017 2:00,10.86,80,0.076,0.066,0.159,21533.16456,14294.22492,14405.78313
1/2/2017 2:10,11.17,77.3,0.077,0.066,0.13,21107.8481,14057.14286,14342.16867
1/2/2017 2:20,11.1,75.6,0.077,0.077,0.156,20986.32911,13823.70821,14191.80723
1/2/2017 2:30,11.14,75,0.081,0.07,0.156,20725.06329,13783.58663,14128.19277
1/2/2017 2:40,11.21,75.2,0.077,0.062,0.137,20889.11392,13608.51064,14081.92771
1/2/2017 2:50,10.71,77.4,0.079,0.07,0.148,20433.41772,13448.02432,13844.81928
1/2/2017 3:00,10.7,77.7,0.079,0.062,0.159,20372.65823,13524.62006,13948.91566
1/2/2017 3:10,10.58,78.6,0.075,0.055,0.137,20135.6962,13480.85106,13966.26506
1/2/2017 3:20,10.59,79.5,0.078,0.084,0.145,20129.62025,13517.32523,13827.46988
1/2/2017 3:30,10.68,79.4,0.079,0.059,0.156,20117.46835,13484.49848,13746.50602
1/2/2017 3:40,10.52,79.8,0.076,0.066,0.145,20087.08861,13437.08207,13642.40964
1/2/2017 3:50,10.34,80.6,0.078,0.088,0.119,19740.75949,13353.19149,13636.62651
1/2/2017 4:00,10.18,81.7,0.079,0.059,0.159,19831.89873,13090.57751,13549.87952
1/2/2017 4:10,10.41,82.3,0.074,0.077,0.126,19989.87342,13218.23708,13503.61446
1/2/2017 4:20,10.41,81.4,0.078,0.095,0.134,20166.07595,13196.35258,13549.87952
1/2/2017 4:30,10.39,81.5,0.074,0.088,0.119,20214.68354,13280.24316,13648.19277
1/2/2017 4:40,10.16,81.9,0.075,0.073,0.122,20141.77215,13287.53799,13717.59036
1/2/2017 4:50,9.97,82.8,0.077,0.066,0.178,20056.70886,13418.84498,13659.75904
1/2/2017 5:00,10.03,83.8,0.08,0.029,0.163,20257.21519,13517.32523,13642.40964
1/2/2017 5:10,9.98,83,0.078,0.073,0.115,20500.25316,13612.15805,13844.81928
1/2/2017 5:20,9.74,82.8,0.081,0.106,0.126,20712.91139,13736.17021,13931.56627
1/2/2017 5:30,9.54,83.7,0.078,0.081,0.174,20810.12658,13834.65046,14081.92771
1/2/2017 5:40,9.53,83.9,0.072,0.066,0.182,21041.01266,14057.14286,14174.45783
1/2/2017 5:50,9.56,84.1,0.073,0.077,0.134,21709.36709,14706.38298,14637.10843
1/2/2017 6:00,9.58,84.5,0.075,0.048,0.134,22742.27848,15089.3617,14868.43373
1/2/2017 6:10,9.44,84.1,0.075,0.07,0.145,22948.86076,14961.70213,14729.63855
1/2/2017 6:20,9.4,84.4,0.077,0.07,0.122,23258.73418,15176.8997,14712.28916
1/2/2017 6:30,9.38,84.6,0.076,0.044,0.141,23471.39241,15545.28875,14619.75904
1/2/2017 6:40,9.16,84.7,0.077,0.048,0.145,23653.67089,15749.54407,14573.49398
1/2/2017 6:50,9.06,85.6,0.076,0.059,0.141,23769.11392,15567.17325,14423.13253
1/2/2017 7:00,9.17,85.8,0.078,0.073,0.163,23380.25316,15607.29483,14400
1/2/2017 7:10,9.46,86.2,0.076,0.07,0.152,23033.92405,16001.21581,13862.16867
1/2/2017 7:20,9.74,85.4,0.072,0.077,0.111,22803.03797,15964.74164,13052.53012
1/2/2017 7:30,9.8,84.4,0.077,0.081,0.122,23082.53165,15698.48024,12404.81928
1/2/2017 7:40,9.58,83.9,0.079,0.073,0.13,22803.03797,15483.28267,11919.03614
1/2/2017 7:50,9.51,83.7,0.082,0.081,0.137,22268.35443,15501.51976,11543.13253
1/2/2017 8:00,9.44,83.2,0.084,0.124,0.223,22742.27848,15537.99392,11398.55422
1/2/2017 8:10,9.18,82.5,0.083,0.871,0.89,23526.07595,15906.38298,11560.48193
1/2/2017 8:20,8.96,83.4,0.083,2.95,2.867,24340.25316,16289.3617,11774.45783
1/2/2017 8:30,8.71,83.9,0.081,6.657,6.472,24881.01266,16737.99392,12248.6747
1/2/2017 8:40,8.52,85.1,0.081,13.02,11.56,25190.88608,16891.18541,12404.81928
1/2/2017 8:50,8.43,85.4,0.079,39.1,19.49,25531.13924,17135.56231,12358.55422
1/2/2017 9:00,8.44,85.9,0.08,64.11,24.49,25980.75949,17248.63222,12636.14458
1/2/2017 9:10,8.69,86.7,0.079,92.3,27.88,23495.6962,17668.08511,13110.36145
1/2/2017 9:20,9.02,86.7,0.082,117.2,30.43,23629.36709,18102.12766,13474.6988
1/2/2017 9:30,9.17,86.9,0.079,134.7,33.24,24006.07595,18302.73556,13763.85542
1/2/2017 9:40,10.48,87,0.079,169.2,35.2,24771.64557,18587.23404,13925.78313
1/2/2017 9:50,11.13,83.5,0.08,194,36.92,25148.35443,19236.47416,14324.81928
1/2/2017 10:00,11.68,81.7,0.08,218.3,39.07,25518.98734,19393.31307,14619.75904
1/2/2017 10:10,12.22,78,0.075,246.6,40.01,25695.18987,19634.04255,15059.27711
1/2/2017 10:20,12.61,74.8,0.076,270.6,40.59,26351.39241,19998.78419,15238.55422
1/2/2017 10:30,13.07,72.7,0.075,288.3,42.31,26667.34177,20038.90578,15510.36145
1/2/2017 10:40,13.61,70.2,0.077,309.8,43.74,26794.93671,20119.14894,15787.95181
1/2/2017 10:50,14,69.22,0.077,337.2,43.39,27281.01266,20498.48024,16094.45783
1/2/2017 11:00,14.55,64.11,0.077,360.7,41.43,27645.56962,20618.84498,16325.78313
1/2/2017 11:10,14.94,58.46,0.077,381.4,41.13,27773.16456,20655.31915,16343.13253
1/2/2017 11:20,15.08,57.23,0.076,396.6,40.66,27894.68354,20808.51064,16458.79518
1/2/2017 11:30,15.18,55.83,0.076,410.8,41.23,28532.65823,21009.11854,16429.87952
1/2/2017 11:40,15.28,56.49,0.075,425.6,41.84,28818.22785,21020.06079,16655.42169
1/2/2017 11:50,15.27,55.93,0.076,440.2,41.83,28684.55696,20870.51672,16857.83133
1/2/2017 12:00,15.21,55.69,0.077,452.5,41.73,28939.74684,20757.44681,16742.16867
1/2/2017 12:10,15.18,57.2,0.078,460.5,42.38,29152.40506,20429.17933,17170.12048
1/2/2017 12:20,15.11,57.86,0.074,469.9,43.43,29674.93671,19608.51064,18373.01205
1/2/2017 12:30,15.1,58.33,0.076,476.2,43.25,29826.83544,19604.86322,19009.15663
1/2/2017 12:40,15.26,58.8,0.076,482.3,44.1,29905.82278,19706.99088,18986.0241
1/2/2017 12:50,15.15,60.87,0.075,485.1,44.53,29990.88608,19597.56839,18916.62651
1/2/2017 13:00,15.23,60.53,0.076,487.1,44.09,29966.58228,19593.92097,18997.59036
1/2/2017 13:10,15.22,60.2,0.077,487.6,44.43,29881.51899,19568.38906,19107.46988
1/2/2017 13:20,15.22,59.83,0.076,486.9,44.29,29760,19608.51064,19292.53012
1/2/2017 13:30,15.33,59.16,0.076,484.1,43.72,29292.1519,19728.87538,19072.77108
1/2/2017 13:40,15.41,58.13,0.076,481.1,43.82,29140.25316,19462.61398,18621.68675
1/2/2017 13:50,15.43,58,0.077,477.2,43.68,28872.91139,19469.90881,18586.98795
1/2/2017 14:00,15.56,56.03,0.075,470.9,42.8,28672.40506,19517.32523,18714.21687
1/2/2017 14:10,15.59,55.73,0.075,463.4,42.58,28502.27848,19914.89362,18772.04819
1/2/2017 14:20,15.47,56.29,0.077,451.8,42.83,28684.55696,19936.77812,18644.81928
1/2/2017 14:30,15.55,55.99,0.074,441.9,41.88,28617.72152,19878.41945,18517.59036
1/2/2017 14:40,15.57,56.53,0.076,427.9,42.14,28635.94937,20053.49544,18199.51807
1/2/2017 14:50,15.64,55.35,0.077,413.9,41.5,28556.96203,21669.30091,16800
1/2/2017 15:00,15.59,55.76,0.077,399.4,40.61,28721.01266,21559.87842,16643.85542
1/2/2017 15:10,15.58,57.03,0.077,381.1,42.48,28696.70886,21574.46809,16603.37349
1/2/2017 15:20,15.49,57.19,0.075,364.3,45.96,29049.11392,21260.79027,16649.63855
1/2/2017 15:30,15.45,57.86,0.075,345.8,57.35,29255.6962,21406.68693,16586.0241
1/2/2017 15:40,15.36,57.72,0.075,324.6,79.5,29012.65823,21275.37994,16372.04819
1/2/2017 15:50,15.38,58.02,0.074,302.9,121.3,29091.64557,20936.17021,16210.12048
1/2/2017 16:00,15.37,58.59,0.077,280.3,184,29030.88608,20728.26748,16111.80723
1/2/2017 16:10,15.23,59.76,0.077,260.6,238,29267.8481,20750.15198,16059.75904
1/2/2017 16:20,15.23,61.12,0.075,238.2,253.4,29480.50633,20611.55015,16181.20482
1/2/2017 16:30,15.24,61.63,0.075,216.8,248.1,30161.01266,20545.89666,16314.21687
1/2/2017 16:40,15.19,61.72,0.075,192,227.3,31011.64557,20604.25532,16406.74699
1/2/2017 16:50,15.17,61.76,0.077,165.5,200.6,31029.87342,20607.90274,17008.19277
1/2/2017 17:00,15.22,59.95,0.076,142.6,175,32390.88608,21198.78419,18026.0241
1/2/2017 17:10,15.17,61.92,0.076,119.9,148.2,33685.06329,22008.51064,19836.14458
1/2/2017 17:20,15.02,62.32,0.076,98.7,123.7,35659.74684,23908.81459,22791.3253
1/2/2017 17:30,14.9,61.82,0.079,77.5,98.6,38187.34177,25783.58663,24144.57831
1/2/2017 17:40,14.81,61.79,0.078,58.1,75.3,40648.10127,26764.74164,24734.45783
1/2/2017 17:50,14.68,62.05,0.079,22.4,25.24,41565.56962,27195.13678,25156.62651
1/2/2017 18:00,14.54,64.02,0.074,11.04,11.2,41644.55696,27206.07903,25497.83133
1/2/2017 18:10,14.38,64.55,0.077,6.504,6.524,41814.68354,27114.89362,25497.83133
1/2/2017 18:20,14.23,65.55,0.076,3.071,3.089,41766.07595,26888.7538,25526.74699
1/2/2017 18:30,14.11,65.79,0.081,0.933,0.946,41753.92405,26950.75988,25520.96386
1/2/2017 18:40,14.03,66.72,0.074,0.143,0.189,41808.60759,26979.93921,25382.16867
1/2/2017 18:50,13.95,67.52,0.074,0.037,0.119,41699.24051,26786.62614,25619.27711
1/2/2017 19:00,13.87,68.59,0.075,0.066,0.1,41280,26731.91489,25659.75904
1/2/2017 19:10,13.74,69.46,0.074,0.081,0.093,41583.79747,26888.7538,25636.62651
1/2/2017 19:20,13.55,69.9,0.076,0.029,0.104,41851.13924,27045.59271,25567.22892
1/2/2017 19:30,13.43,69.86,0.076,0.04,0.108,41608.10127,26874.16413,25538.31325
1/2/2017 19:40,13.35,69.86,0.076,0.073,0.078,41395.44304,26866.8693,25411.08434
1/2/2017 19:50,13.2,70.5,0.076,0.055,0.122,41273.92405,26739.20973,25457.3494
1/2/2017 20:00,13.42,68.89,0.073,0.055,0.096,40939.74684,26531.30699,25353.25301
1/2/2017 20:10,13.55,68.12,0.077,0.055,0.074,41249.62025,26881.45897,25723.37349
1/2/2017 20:20,13.42,68.52,0.075,0.055,0.093,41316.4557,26921.58055,25937.3494
1/2/2017 20:30,13.3,69.03,0.075,0.055,0.093,41182.78481,26859.57447,25630.84337
1/2/2017 20:40,13.33,68.72,0.076,0.066,0.108,41061.26582,26808.51064,25549.87952
1/2/2017 20:50,13.45,68.59,0.075,0.066,0.122,40830.37975,26691.79331,25659.75904
1/2/2017 21:00,13.47,66.99,0.074,0.048,0.078,40830.37975,26564.13374,25619.27711
1/2/2017 21:10,13.29,66.99,0.075,0.051,0.067,40356.4557,26316.10942,25630.84337
1/2/2017 21:20,13.15,66.42,0.078,0.055,0.093,39797.46835,26082.67477,25162.40964
1/2/2017 21:30,13.03,66.62,0.074,0.07,0.085,39116.96203,25710.6383,24879.03614
1/2/2017 21:40,12.93,67.29,0.076,0.07,0.111,38564.05063,25572.03647,24566.74699
1/2/2017 21:50,12.88,67.46,0.075,0.051,0.119,38102.27848,25003.03951,24156.14458
1/2/2017 22:00,12.86,67.76,0.074,0.084,0.093,37792.40506,24755.0152,23791.80723
1/2/2017 22:10,12.87,67.96,0.075,0.066,0.134,37117.97468,24295.44073,23323.37349
1/2/2017 22:20,12.92,68.52,0.074,0.037,0.148,36218.73418,23700.91185,23190.36145
1/2/2017 22:30,12.96,68.62,0.075,0.102,0.063,35191.89873,23401.82371,22768.19277
1/2/2017 22:40,12.88,69.33,0.075,0.062,0.152,34754.43038,22869.30091,22236.14458
1/2/2017 22:50,12.77,69.86,0.075,0.11,0.1,33909.87342,22271.12462,21727.22892
1/2/2017 23:00,12.82,70.1,0.075,0.077,0.1,32785.82278,21753.19149,21166.26506
1/2/2017 23:10,12.75,70.4,0.071,0.051,0.152,31916.96203,21136.77812,20755.66265
1/2/2017 23:20,12.54,71.5,0.077,0.051,0.1,30252.1519,20593.31307,20281.44578
1/2/2017 23:30,12.23,72.9,0.077,0.059,0.111,29346.83544,20221.2766,19755.18072
1/2/2017 23:40,12.19,72.8,0.077,0.07,0.122,28593.41772,19455.31915,19043.85542
1/2/2017 23:50,12.31,72.6,0.072,0.044,0.152,27779.24051,19079.63526,18644.81928
1/3/2017 0:00,12.08,74,0.076,0.117,0.093,26661.26582,18579.93921,18072.28916
1/3/2017 0:10,12.16,74,0.072,0.07,0.141,26150.88608,18076.59574,17644.33735
1/3/2017 0:20,12.07,74.1,0.074,0.102,0.119,25433.92405,17595.13678,17204.81928
1/3/2017 0:30,11.48,76.8,0.077,0.07,0.145,24947.8481,17190.27356,16811.56627
1/3/2017 0:40,11.45,77.7,0.074,0.073,0.115,24540.75949,16737.99392,16476.14458
1/3/2017 0:50,11.8,76.6,0.076,0.018,0.23,23884.55696,16037.68997,15984.57831
1/3/2017 1:00,12.23,75.1,0.074,0.062,0.145,23422.78481,15749.54407,15718.55422
1/3/2017 1:10,12.39,71,0.078,0.062,0.148,23222.27848,15578.1155,15498.79518
1/3/2017 1:20,12.42,71.4,0.077,0.059,0.159,22766.58228,15432.21884,15146.0241
1/3/2017 1:30,12.4,71.5,0.075,0.062,0.156,22365.56962,14994.52888,14972.53012
1/3/2017 1:40,11.84,73.4,0.079,0.073,0.152,22098.22785,14837.68997,14943.61446
1/3/2017 1:50,11.51,73,0.076,0.044,0.148,21946.32911,14710.0304,14862.6506
1/3/2017 2:00,11.35,73.6,0.081,0.095,0.134,21691.13924,14538.60182,14475.18072
1/3/2017 2:10,11.27,73.8,0.077,0.055,0.159,21575.6962,14155.6231,14266.98795
1/3/2017 2:20,11.33,74.5,0.073,0.044,0.13,21502.78481,14111.8541,14255.42169
1/3/2017 2:30,11.44,75,0.078,0.081,0.119,21332.65823,13940.42553,14226.50602
1/3/2017 2:40,12.26,75.5,0.076,0.073,0.163,21059.24051,13816.41337,14180.24096
1/3/2017 2:50,13.08,70.9,0.076,0.062,0.174,21065.31646,13889.3617,13983.61446
1/3/2017 3:00,12.78,71.8,0.078,0.055,0.156,20980.25316,13944.07295,13769.63855
1/3/2017 3:10,12.34,73.2,0.076,0.088,0.152,20931.64557,13706.99088,13775.42169
1/3/2017 3:20,12.2,73.8,0.072,0.084,0.178,20658.22785,13696.04863,13804.33735
1/3/2017 3:30,12.04,74.7,0.077,0.077,0.134,20226.83544,13586.62614,13711.80723
1/3/2017 3:40,11.96,74.9,0.077,0.07,0.137,20220.75949,13579.33131,13706.0241
1/3/2017 3:50,11.92,75.2,0.077,0.059,0.182,20330.12658,13462.61398,13486.26506
1/3/2017 4:00,11.85,75.1,0.083,0.077,0.156,20202.53165,13586.62614,13468.91566
1/3/2017 4:10,11.66,75.5,0.084,0.07,0.156,19989.87342,13550.15198,13642.40964
1/3/2017 4:20,11.55,76.1,0.077,0.055,0.156,19989.87342,13641.33739,13625.06024
1/3/2017 4:30,11.6,75.1,0.081,0.073,0.137,20087.08861,13747.11246,13636.62651
1/3/2017 4:40,11.17,77.8,0.076,0.077,0.148,20129.62025,13615.80547,13596.14458
1/3/2017 4:50,10.83,78.5,0.076,0.066,0.148,20299.74684,13626.74772,13578.79518
1/3/2017 5:00,10.74,78.6,0.077,0.048,0.189,20390.88608,13739.81763,13688.6747
1/3/2017 5:10,10.57,80.3,0.081,0.04,0.152,20500.25316,13841.94529,13677.10843
1/3/2017 5:20,10.49,80.3,0.08,0.084,0.141,20755.44304,13885.71429,13891.08434
1/3/2017 5:30,10.69,81.6,0.078,0.073,0.074,20986.32911,13940.42553,13972.04819
1/3/2017 5:40,11.22,80,0.076,0.077,0.171,21454.17722,14144.68085,14301.68675
1/3/2017 5:50,11.36,77.9,0.077,0.062,0.174,22122.53165,14648.02432,14810.60241
1/3/2017 6:00,11.44,77.5,0.079,0.102,0.122,22954.93671,15403.03951,14874.21687
1/3/2017 6:10,11.49,76.7,0.073,0.084,0.159,23605.06329,15326.44377,14648.6747
1/3/2017 6:20,11.33,76.8,0.075,0.062,0.145,24255.18987,15516.10942,14509.87952
1/3/2017 6:30,11.16,77.3,0.082,0.048,0.163,24656.20253,15702.12766,14613.9759
1/3/2017 6:40,10.89,77.5,0.082,0.099,0.111,24552.91139,16034.04255,14579.27711
1/3/2017 6:50,10.27,80.2,0.078,0.077,0.148,24607.59494,16001.21581,14405.78313
1/3/2017 7:00,10.15,80.8,0.08,0.055,0.193,24534.68354,16034.04255,14342.16867
1/3/2017 7:10,10,81.6,0.077,0.062,0.145,24662.27848,16486.32219,14122.40964
1/3/2017 7:20,9.9,81.5,0.076,0.048,0.171,24534.68354,16639.51368,13445.78313
1/3/2017 7:30,9.67,81.6,0.08,0.084,0.145,24151.89873,16329.48328,12595.66265
1/3/2017 7:40,9.27,81.5,0.08,0.059,0.167,23811.64557,15982.97872,11884.33735
1/3/2017 7:50,9.03,81.8,0.079,0.07,0.122,23532.1519,15899.08815,11624.09639
1/3/2017 8:00,8.85,82.7,0.082,0.146,0.223,23884.55696,15957.44681,11780.24096
1/3/2017 8:10,8.68,83.1,0.083,0.834,0.849,24522.53165,16249.24012,11838.07229
1/3/2017 8:20,8.54,83.7,0.078,2.88,2.815,24874.93671,16635.86626,11959.51807
1/3/2017 8:30,8.38,84.9,0.081,6.306,6.119,25251.64557,17084.49848,12167.71084
1/3/2017 8:40,8.5,84.9,0.079,12.91,11.68,25871.39241,17427.35562,12578.31325
1/3/2017 8:50,8.48,85.7,0.082,38,20.54,26466.83544,17595.13678,12861.68675
1/3/2017 9:00,8.4,85.3,0.082,64.8,27.42,27135.18987,18032.82675,13110.36145
1/3/2017 9:10,8.51,85.5,0.083,85.3,33.31,27997.97468,18470.51672,13353.25301
1/3/2017 9:20,8.8,85,0.084,109.4,38.03,28107.34177,18838.90578,13642.40964
1/3/2017 9:30,9.09,84.1,0.081,135.3,40,28417.21519,19105.16717,13885.3012
1/3/2017 9:40,9.62,84.5,0.082,161.3,41.16,29085.56962,19141.64134,14186.0241
1/3/2017 9:50,10.89,85.9,0.085,191.6,40.65,29383.29114,19254.71125,14110.84337
1/3/2017 10:00,12.43,83.3,0.079,220.3,41.27,30057.72152,19473.55623,14139.75904
1/3/2017 10:10,13.02,77.5,0.084,245.9,42.92,30756.4557,19728.87538,14521.44578
1/3/2017 10:20,13.38,74.4,0.078,269.7,43.12,30932.65823,20254.10334,14712.28916
1/3/2017 10:30,13.64,73.2,0.079,294.9,43.18,31272.91139,20538.60182,14989.87952
1/3/2017 10:40,13.88,72.2,0.084,319,43.25,31844.05063,20994.52888,15053.49398
1/3/2017 10:50,14.16,72.3,0.081,339.3,43.08,32281.51899,21089.3617,15244.33735
1/3/2017 11:00,14.54,69.24,0.084,361.2,43.97,32749.36709,21155.0152,15388.91566
1/3/2017 11:10,14.75,67.1,0.078,380.3,44.96,32974.17722,21246.20061,15637.59036
1/3/2017 11:20,14.87,66.57,0.08,397.2,45.17,33004.55696,21195.13678,15840
1/3/2017 11:30,15,65.1,0.083,413.4,44.82,33217.21519,21373.86018,15897.83133
1/3/2017 11:40,15.08,64.4,0.079,428.2,44.18,33332.65823,21424.92401,16025.06024
1/3/2017 11:50,15.18,64.23,0.077,440.5,45.02,33113.92405,21479.63526,16094.45783
1/3/2017 12:00,15.28,64.43,0.074,452.5,44.71,33168.60759,21508.81459,16285.3012
1/3/2017 12:10,15.19,63.6,0.074,462.8,45.04,33751.89873,21822.4924,16372.04819
1/3/2017 12:20,15.18,64.77,0.075,470.7,44.71,34019.24051,21811.55015,16435.66265
1/3/2017 12:30,15.21,65.33,0.076,478,45.15,34116.4557,21789.66565,16614.93976
1/3/2017 12:40,15.31,64.2,0.074,484,44.76,34468.86076,21833.43465,16655.42169
1/3/2017 12:50,15.35,63.13,0.073,488.8,44.76,34468.86076,21848.02432,16788.43373
1/3/2017 13:00,15.43,62.93,0.073,492.7,44.55,34341.26582,21672.94833,16632.28916
1/3/2017 13:10,15.39,62.9,0.074,493.3,44.78,33964.55696,21669.30091,16898.31325
1/3/2017 13:20,15.41,62.83,0.074,491.9,44.84,33502.78481,21702.12766,16880.96386
1/3/2017 13:30,15.57,62.7,0.077,490.1,44.76,33302.27848,21472.34043,16915.66265
1/3/2017 13:40,15.37,63.4,0.076,487.1,44.94,33356.96203,21344.68085,16863.61446
1/3/2017 13:50,15.49,63.46,0.075,480.4,45.25,33271.89873,21417.62918,16759.51807
1/3/2017 14:00,15.57,63.7,0.073,472.9,45.01,32627.8481,21541.64134,16771.08434
1/3/2017 14:10,15.48,63.76,0.075,465.8,44.23,32694.68354,21545.28875,16782.6506
1/3/2017 14:20,15.36,64.16,0.073,455.2,44.07,32366.58228,21483.28267,16597.59036
1/3/2017 14:30,15.35,64.19,0.074,443.9,43.33,32269.36709,21764.13374,16325.78313
1/3/2017 14:40,15.41,64.1,0.074,430.9,43.09,32293.67089,21698.48024,16412.53012
1/3/2017 14:50,15.36,65.23,0.075,415.4,43.03,32208.60759,21592.70517,16296.86747
1/3/2017 15:00,15.44,64.86,0.075,401.3,43.02,32251.13924,21424.92401,16366.26506
1/3/2017 15:10,15.48,64.1,0.075,385.4,45.37,32567.08861,21574.46809,16354.6988
1/3/2017 15:20,15.45,64.86,0.076,366.1,53.46,32366.58228,21392.09726,16562.89157
1/3/2017 15:30,15.44,64.93,0.074,348.4,72.7,32336.20253,21443.16109,16632.28916
1/3/2017 15:40,15.34,65.3,0.075,328.3,104.5,32257.21519,21439.51368,16487.71084
1/3/2017 15:50,15.3,65.83,0.075,306.7,155.7,31983.79747,21162.31003,16481.92771
1/3/2017 16:00,15.34,66.4,0.075,283.3,215.7,31777.21519,21012.76596,16429.87952
1/3/2017 16:10,15.34,66.83,0.071,259.9,256.6,31874.43038,21045.59271,16458.79518
1/3/2017 16:20,15.23,67.66,0.076,234.7,257.7,31740.75949,21155.0152,16435.66265
1/3/2017 16:30,15.18,67.73,0.075,208.8,240.7,32196.4557,21049.24012,16499.27711
1/3/2017 16:40,15.09,67.66,0.076,184.9,218.7,32263.29114,21224.31611,16713.25301
1/3/2017 16:50,14.96,66.19,0.077,160.4,193.2,32688.60759,21523.40426,17187.46988
1/3/2017 17:00,14.94,64.99,0.075,131.7,166.5,33241.51899,21924.62006,17852.53012
1/3/2017 17:10,14.89,65.45,0.073,115.7,142.4,34669.36709,22686.93009,19402.40964
1/3/2017 17:20,14.85,65.55,0.077,97.1,121.2,36200.50633,23850.45593,21761.92771
1/3/2017 17:30,14.78,65.82,0.075,77.8,98.6,39062.27848,25670.51672,23866.98795
1/3/2017 17:40,14.68,67.22,0.073,58.28,75.3,41486.58228,26786.62614,24803.85542
1/3/2017 17:50,14.51,68.26,0.077,26.56,31.14,42312.91139,27213.37386,25145.06024
1/3/2017 18:00,14.32,69.56,0.075,11.76,11.93,42495.18987,27209.72644,25347.46988
1/3/2017 18:10,14.14,70.9,0.076,6.804,6.887,42750.37975,27300.91185,25544.09639
1/3/2017 18:20,13.98,72.1,0.076,3.327,3.349,42871.89873,27257.14286,25781.20482
1/3/2017 18:30,13.86,73,0.074,1.014,1.087,42993.41772,27279.02736,25700.24096
1/3/2017 18:40,13.45,73.7,0.075,0.209,0.189,42823.29114,27235.25836,25671.3253
1/3/2017 18:50,12.2,77.3,0.076,0.059,0.115,42677.46835,27184.19453,25786.98795
1/3/2017 19:00,11.85,78.2,0.074,0.066,0.111,42434.43038,27217.02128,25740.72289
1/3/2017 19:10,11.53,79,0.078,0.073,0.093,42671.39241,27271.73252,25995.18072
1/3/2017 19:20,11.25,80,0.075,0.059,0.111,42720,27257.14286,25833.25301
1/3/2017 19:30,11.12,80.5,0.074,0.073,0.115,42689.62025,27206.07903,25746.50602
1/3/2017 19:40,10.92,81.2,0.076,0.051,0.085,42476.96203,26998.17629,25688.6747
1/3/2017 19:50,10.93,81.3,0.079,0.059,0.074,42288.60759,26855.92705,25821.68675
1/3/2017 20:00,10.69,81.5,0.077,0.055,0.093,41960.50633,26819.45289,25891.08434
1/3/2017 20:10,10.39,81.5,0.078,0.088,0.089,42416.20253,27151.36778,26076.14458
1/3/2017 20:20,10.17,83.1,0.074,0.084,0.067,42519.49367,27253.49544,26122.40964
1/3/2017 20:30,10.03,82.9,0.075,0.081,0.1,42318.98734,27176.8997,26157.10843
1/3/2017 20:40,9.61,83.9,0.076,0.066,0.108,42221.77215,27155.0152,26238.07229
1/3/2017 20:50,9.71,84.2,0.075,0.062,0.096,42033.41772,27005.47112,25989.39759
1/3/2017 21:00,9.62,83.4,0.074,0.055,0.082,41571.64557,26939.81763,25729.15663
1/3/2017 21:10,9.49,83.5,0.073,0.037,0.111,40970.12658,26772.03647,25619.27711
1/3/2017 21:20,9.33,83.7,0.076,0.066,0.067,40490.12658,26447.41641,25486.26506
1/3/2017 21:30,9.23,83.9,0.074,0.059,0.1,39870.37975,26239.51368,25226.0241
1/3/2017 21:40,9.14,84,0.073,0.055,0.085,39347.8481,25947.72036,24734.45783
1/3/2017 21:50,9.11,83.8,0.073,0.081,0.078,38916.4557,25407.90274,24294.93976
1/3/2017 22:00,9.07,83.8,0.073,0.073,0.089,37962.53165,24962.91793,24190.84337
1/3/2017 22:10,9,83.9,0.072,0.051,0.108,37300.25316,24641.94529,23953.73494
1/3/2017 22:20,9.05,84,0.072,0.062,0.093,36565.06329,24058.35866,23520
1/3/2017 22:30,8.98,83.6,0.073,0.062,0.059,35750.88608,23544.07295,23034.21687
1/3/2017 22:40,8.81,83.9,0.075,0.051,0.104,34535.6962,23164.74164,22513.73494
1/3/2017 22:50,8.72,84,0.076,0.062,0.115,33654.68354,22581.15502,22051.08434
1/3/2017 23:00,8.51,84.3,0.075,0.062,0.104,32457.72152,21610.94225,21443.85542
1/3/2017 23:10,8.52,85,0.075,0.073,0.078,31686.07595,21082.06687,20593.73494
1/3/2017 23:20,8.6,84.4,0.074,0.048,0.104,30847.59494,20768.38906,20136.86747
1/3/2017 23:30,8.49,84.5,0.077,0.04,0.159,30063.79747,20250.45593,19575.90361
1/3/2017 23:40,8.33,84.7,0.076,0.059,0.059,29298.22785,19728.87538,19113.25301
1/3/2017 23:50,8.5,84.7,0.073,0.077,0.059,28550.88608,19148.93617,18783.61446
1/4/2017 0:00,8.52,83.7,0.077,0.062,0.104,27657.72152,18612.76596,18176.38554
1/4/2017 0:10,8.63,83.5,0.073,0.044,0.111,27153.41772,18350.15198,17725.3012
1/4/2017 0:20,8.69,82.8,0.076,0.044,0.126,26442.53165,17803.03951,17551.80723
1/4/2017 0:30,8.77,82.3,0.075,0.055,0.082,26053.67089,17361.70213,17280
1/4/2017 0:40,8.36,82,0.078,0.055,0.108,25525.06329,17066.2614,16666.98795
1/4/2017 0:50,8.17,82.7,0.075,0.062,0.111,24795.94937,16402.43161,16239.03614
1/4/2017 1:00,8.13,82.4,0.074,0.037,0.1,23975.6962,15833.43465,15892.04819
1/4/2017 1:10,8.14,82.3,0.074,0.073,0.093,23562.53165,15643.769,15712.77108
1/4/2017 1:20,8.15,82.2,0.076,0.077,0.074,23179.74684,15140.42553,15666.50602
1/4/2017 1:30,8.33,82.2,0.075,0.062,0.082,23076.4557,14994.52888,15371.56627
1/4/2017 1:40,8.36,81.4,0.076,0.073,0.093,22918.48101,14626.13982,14978.31325
1/4/2017 1:50,8.23,80.7,0.076,0.059,0.089,22772.65823,14378.1155,14845.3012
1/4/2017 2:00,8.13,81.2,0.075,0.059,0.119,22450.63291,14144.68085,14775.90361
1/4/2017 2:10,8.04,81.2,0.075,0.066,0.115,22237.97468,14060.79027,14718.07229
1/4/2017 2:20,7.87,81.8,0.074,0.073,0.119,22086.07595,13987.84195,14417.3494
1/4/2017 2:30,7.91,81.8,0.078,0.07,0.111,21751.89873,13798.17629,14174.45783
1/4/2017 2:40,7.9,81.8,0.077,0.077,0.1,21770.12658,13732.5228,14099.27711
1/4/2017 2:50,7.88,81.6,0.077,0.077,0.13,21745.82278,13608.51064,14168.6747
1/4/2017 3:00,7.89,81.2,0.074,0.066,0.07,21569.62025,13542.85714,14081.92771
1/4/2017 3:10,7.94,81.2,0.074,0.062,0.13,21393.41772,13433.43465,14000.96386
1/4/2017 3:20,7.84,80.5,0.073,0.059,0.134,21229.36709,13353.19149,13914.21687
1/4/2017 3:30,7.59,80.4,0.076,0.07,0.115,21113.92405,13407.90274,13850.60241
1/4/2017 3:40,7.44,81.1,0.076,0.062,0.126,21363.03797,13375.07599,13948.91566
1/4/2017 3:50,7.59,81,0.082,0.044,0.111,21308.35443,13404.25532,13781.20482
1/4/2017 4:00,7.46,81.3,0.091,0.084,0.122,21120,13294.83283,13839.03614
1/4/2017 4:10,6.991,82.5,0.086,0.084,0.108,21053.16456,13269.30091,13775.42169
1/4/2017 4:20,6.683,83.5,0.086,0.04,0.082,20378.73418,13272.94833,13821.68675
1/4/2017 4:30,6.447,84.1,0.087,0.062,0.108,19479.49367,13393.31307,13821.68675
1/4/2017 4:40,6.091,84.9,0.083,0.055,0.085,19746.83544,13265.6535,13665.54217
1/4/2017 4:50,5.88,85.9,0.083,0.055,0.111,19661.77215,13272.94833,13763.85542
1/4/2017 5:00,6.003,86.3,0.085,0.062,0.1,19746.83544,13524.62006,13827.46988
1/4/2017 5:10,5.904,86.7,0.085,0.062,0.119,20087.08861,13663.22188,14047.22892
1/4/2017 5:20,6.042,86.7,0.087,0.062,0.148,21533.16456,13725.22796,14157.10843
1/4/2017 5:30,5.976,86.8,0.085,0.077,0.119,21818.73418,13951.36778,14214.93976
1/4/2017 5:40,5.965,86.9,0.084,0.062,0.104,22049.62025,14148.32827,14290.12048
1/4/2017 5:50,6.025,87.1,0.085,0.081,0.137,22869.87342,14666.2614,14793.25301
1/4/2017 6:00,5.946,86.9,0.084,0.07,0.122,23696.20253,15359.27052,15163.37349
1/4/2017 6:10,5.795,86.9,0.086,0.07,0.085,23878.48101,15341.03343,15036.14458
1/4/2017 6:20,5.488,87.1,0.087,0.029,0.134,24309.87342,15337.38602,14799.03614
1/4/2017 6:30,5.352,87.1,0.083,0.051,0.148,24346.32911,15373.86018,14648.6747
1/4/2017 6:40,5.076,87.7,0.082,0.066,0.122,24716.96203,15753.19149,14718.07229
1/4/2017 6:50,5.291,88.3,0.09,0.033,0.13,24716.96203,15734.95441,14995.66265
1/4/2017 7:00,5.364,87.7,0.087,0.051,0.122,24972.1519,15826.13982,14839.51807
1/4/2017 7:10,5.393,87.8,0.087,0.048,0.111,24911.39241,16132.5228,14347.95181
1/4/2017 7:20,5.524,87.7,0.088,0.051,0.145,24443.5443,16117.93313,13301.20482
1/4/2017 7:30,5.576,87.4,0.091,0.07,0.137,24030.37975,15796.96049,12526.26506
1/4/2017 7:40,5.421,86.9,0.09,0.07,0.122,23763.03797,15716.71733,11965.3012
1/4/2017 7:50,5.336,86.7,0.089,0.11,0.119,23605.06329,15618.23708,11329.15663
1/4/2017 8:00,5.139,86.9,0.085,0.146,0.226,24066.83544,15734.95441,11392.77108
1/4/2017 8:10,5.01,87.2,0.09,0.878,0.816,24637.97468,15950.15198,11531.56627
1/4/2017 8:20,5.099,87.4,0.084,2.906,2.804,24990.37975,16216.41337,11884.33735
1/4/2017 8:30,4.917,87.5,0.09,6.456,6.283,25482.53165,16541.03343,12098.31325
1/4/2017 8:40,4.779,87.7,0.086,13.9,12.28,26041.51899,17223.1003,12161.92771
1/4/2017 8:50,4.873,87.8,0.089,47.75,22.59,26472.91139,17638.90578,12682.40964
1/4/2017 9:00,4.872,87.2,0.088,70.5,26.46,26849.62025,18040.12158,13416.86747
1/4/2017 9:10,5.009,86.9,0.084,92.6,31.27,27706.32911,18528.87538,13746.50602
1/4/2017 9:20,5.065,86.6,0.088,118,34.1,28441.51899,18758.66261,13769.63855
1/4/2017 9:30,5.218,86.3,0.089,145.1,34.58,28891.13924,19287.53799,13937.3494
1/4/2017 9:40,5.54,85.9,0.088,170.9,36.58,29122.02532,19597.56839,14110.84337
1/4/2017 9:50,5.738,84.7,0.089,196.1,37.53,28599.49367,20429.17933,14382.6506
1/4/2017 10:00,6,84.1,0.091,220.3,39.42,29122.02532,20549.54407,14718.07229
1/4/2017 10:10,6.271,83,0.09,248.3,39.09,29134.17722,20863.22188,14851.08434
1/4/2017 10:20,6.593,81.6,0.09,272.8,39.92,29899.74684,21202.43161,15093.9759
1/4/2017 10:30,6.933,81.2,0.09,297.3,40.57,30507.34177,21249.84802,15250.12048
1/4/2017 10:40,7.22,81.2,0.091,320.5,40.4,30932.65823,21563.52584,15637.59036
1/4/2017 10:50,7.54,81,0.091,343.3,39.4,31266.83544,21475.98784,15805.3012
1/4/2017 11:00,8.01,79.8,0.088,354.4,40.51,31485.56962,21734.95441,15892.04819
1/4/2017 11:10,8.57,79,0.088,384.7,40.3,31777.21519,22128.87538,16117.59036
1/4/2017 11:20,9.04,78.5,0.09,402.8,39.82,32111.39241,22234.65046,16366.26506
1/4/2017 11:30,9.6,77.3,0.09,420.1,39.15,32615.6962,22362.31003,16441.44578
1/4/2017 11:40,10.14,75.6,0.094,436.2,38.96,34444.55696,21392.09726,16366.26506
1/4/2017 11:50,10.8,73.5,0.089,451.6,37.73,34438.48101,21439.51368,16493.49398
1/4/2017 12:00,11.47,70.1,0.085,466.4,37.49,33873.41772,21942.85714,16267.95181
1/4/2017 12:10,12,67.75,0.086,477,37.37,33988.86076,22154.40729,16562.89157
1/4/2017 12:20,12.6,66.24,0.088,485.7,36.72,34158.98734,21873.55623,16557.10843
1/4/2017 12:30,13.19,65.44,0.086,492.7,36.75,34444.55696,21928.26748,16649.63855
1/4/2017 12:40,13.66,65.01,0.087,499.7,37.17,34256.20253,22030.39514,16736.38554
1/4/2017 12:50,13.92,63.81,0.086,503.9,37.24,34116.4557,22333.1307,16811.56627
1/4/2017 13:00,14.41,63.77,0.084,505.9,36.35,33855.18987,22256.53495,16817.3494
1/4/2017 13:10,14.86,61.6,0.087,508.4,36.78,33703.29114,21968.38906,17100.72289
1/4/2017 13:20,15.34,60.2,0.085,506.6,37.02,33593.92405,21913.67781,16985.06024
1/4/2017 13:30,16.13,58.43,0.085,503.5,38.74,33180.75949,21669.30091,16886.74699
1/4/2017 13:40,16.38,55.89,0.084,501,42.75,32870.88608,21596.35258,16747.95181
1/4/2017 13:50,17.05,55.46,0.087,486.7,45.15,32810.12658,21713.06991,16695.90361
1/4/2017 14:00,17.65,53.72,0.084,485.9,38.87,32676.4557,21603.64742,16649.63855
1/4/2017 14:10,17.55,50.78,0.082,468.6,43.49,32433.41772,21578.1155,16701.68675
1/4/2017 14:20,17.43,50.65,0.076,458.1,45.03,32342.27848,21413.98176,16568.6747
1/4/2017 14:30,17.4,53.26,0.077,448.2,46.62,32506.32911,21410.33435,16545.54217
1/4/2017 14:40,17.42,53.72,0.077,430.7,47.2,32706.83544,21789.66565,16453.01205
1/4/2017 14:50,17.49,56.59,0.077,418.2,45.45,32488.10127,21702.12766,16453.01205
1/4/2017 15:00,17.33,57.36,0.075,409.7,44.91,32475.94937,21527.05167,16383.61446
1/4/2017 15:10,17.23,59.17,0.075,391.1,50.26,32591.39241,21578.1155,16453.01205
1/4/2017 15:20,17.4,59.07,0.077,373.1,66.11,32336.20253,21603.64742,16314.21687
1/4/2017 15:30,17.38,59.6,0.077,354.9,96.9,32220.75949,21829.78723,16250.60241
1/4/2017 15:40,17.24,60.4,0.073,335.5,141.6,32293.67089,21676.59574,16077.10843
1/4/2017 15:50,17.07,61.2,0.073,314.5,199.9,31983.79747,21231.61094,15949.87952
1/4/2017 16:00,17.09,61.8,0.074,291,254.4,31552.40506,20994.52888,15892.04819
1/4/2017 16:10,17.3,61.47,0.075,266.4,281.1,31406.58228,20859.57447,15961.44578
1/4/2017 16:20,17.26,61.17,0.075,229.8,260.8,31613.16456,21012.76596,15920.96386
1/4/2017 16:30,17.36,61.04,0.077,211.4,249.6,31692.1519,21122.18845,16048.19277
1/4/2017 16:40,17.6,60.67,0.081,189.1,227.1,31752.91139,20998.17629,16111.80723
1/4/2017 16:50,17.57,59.83,0.077,160.3,195.4,31673.92405,21045.59271,16481.92771
1/4/2017 17:00,17.57,60.33,0.076,134.8,165.7,32166.07595,21432.21884,17395.66265
1/4/2017 17:10,17.24,61.83,0.074,112,138.9,33277.97468,22121.58055,18795.18072
1/4/2017 17:20,16.89,63.5,0.075,88,109.5,35513.92405,23482.06687,21513.25301
1/4/2017 17:30,16.35,66.23,0.073,71.1,89.7,38339.24051,25382.37082,23502.6506
1/4/2017 17:40,15.84,67.87,0.074,52.73,67.32,41182.78481,26819.45289,24618.79518
1/4/2017 17:50,15.44,69.54,0.073,27.54,32.7,42179.24051,27443.16109,25179.75904
1/4/2017 18:00,14.98,71.1,0.077,11.43,11.56,42938.73418,27665.6535,25445.78313
1/4/2017 18:10,14.57,72.3,0.079,7.03,7.05,43309.36709,27698.48024,25613.49398
1/4/2017 18:20,14.13,73.2,0.081,3.532,3.546,43485.56962,27479.63526,25625.06024
1/4/2017 18:30,13.22,75.6,0.083,1.142,1.22,43133.16456,27311.8541,25555.66265
1/4/2017 18:40,12.87,76.7,0.073,0.179,0.282,43242.53165,27304.55927,25596.14458
1/4/2017 18:50,12.43,77.4,0.073,0.106,0.089,43187.8481,27322.79635,25671.3253
1/4/2017 19:00,12.21,77.6,0.069,0.051,0.104,43163.5443,27443.16109,25659.75904
1/4/2017 19:10,12.06,78.1,0.075,0.044,0.093,43145.31646,27304.55927,25810.12048
1/4/2017 19:20,12.26,79.8,0.087,0.113,0.085,43388.35443,27403.03951,25972.04819
1/4/2017 19:30,13.39,79.2,0.086,0.106,0.078,42592.40506,27264.43769,25740.72289
1/4/2017 19:40,13.83,71.8,0.088,0.051,0.093,42203.5443,27122.18845,25538.31325
1/4/2017 19:50,13.83,67.63,0.09,0.07,0.067,42397.97468,27052.88754,25515.18072
1/4/2017 20:00,13.8,66.7,0.086,0.095,0.082,42197.46835,27118.54103,25497.83133
1/4/2017 20:10,13.72,66.66,0.088,0.077,0.108,42501.26582,27147.72036,25902.6506
1/4/2017 20:20,13.55,67.73,0.089,0.066,0.093,42774.68354,27508.81459,26012.53012
1/4/2017 20:30,13.44,68.2,0.083,0.04,0.104,42653.16456,27351.97568,25891.08434
1/4/2017 20:40,13.32,68.83,0.087,0.044,0.093,42337.21519,27052.88754,25792.77108
1/4/2017 20:50,13.1,69.16,0.084,0.07,0.056,41832.91139,27009.11854,25983.61446
1/4/2017 21:00,12.82,69.5,0.086,0.044,0.122,41456.20253,27001.82371,25879.51807
1/4/2017 21:10,12.49,70.5,0.081,0.113,0.074,41055.18987,26761.09422,25584.57831
1/4/2017 21:20,12.28,70.8,0.083,0.033,0.13,40721.01266,26403.64742,25318.55422
1/4/2017 21:30,12.09,71.3,0.083,0.051,0.096,40210.63291,26017.02128,25087.22892
1/4/2017 21:40,11.9,71.1,0.088,0.044,0.089,39293.16456,25820.06079,25000.48193
1/4/2017 21:50,11.36,72.2,0.083,0.07,0.119,38624.81013,25174.46809,24676.62651
1/4/2017 22:00,10.96,73.9,0.084,0.077,0.148,38357.46835,24897.26444,24306.50602
1/4/2017 22:10,10.58,75.5,0.086,0.062,0.07,37531.13924,24605.47112,23803.37349
1/4/2017 22:20,10.44,76.3,0.082,0.073,0.074,37026.83544,24186.01824,23427.46988
1/4/2017 22:30,10.59,76.3,0.08,0.066,0.13,36188.35443,23657.14286,23045.78313
1/4/2017 22:40,10.66,75.7,0.087,0.088,0.115,35064.3038,23317.93313,22502.16867
1/4/2017 22:50,10.57,75.9,0.085,0.07,0.122,34323.03797,22606.68693,21883.37349
1/4/2017 23:00,10.4,76.1,0.085,0.073,0.13,33302.27848,21895.44073,21386.0241
1/4/2017 23:10,10.27,75.9,0.085,0.095,0.137,32342.27848,21413.98176,20929.15663
1/4/2017 23:20,9.89,77.6,0.083,0.051,0.126,31339.74684,20877.81155,20345.06024
1/4/2017 23:30,9.64,77.9,0.083,0.051,0.096,30343.29114,20432.82675,19847.71084
1/4/2017 23:40,9.64,77.7,0.084,0.055,0.126,29595.94937,19812.76596,19437.10843
1/4/2017 23:50,9.46,78,0.086,0.081,0.141,28708.86076,19455.31915,18812.53012
1/5/2017 0:00,9,79.7,0.085,0.048,0.119,27663.79747,18948.32827,18344.09639
1/5/2017 0:10,8.81,80.4,0.089,0.037,0.096,26715.94937,18258.96657,17835.18072
1/5/2017 0:20,9.04,80.1,0.087,0.07,0.141,26205.56962,17741.03343,17389.87952
1/5/2017 0:30,9.21,78.5,0.084,0.088,0.134,25622.27848,17328.87538,16863.61446
1/5/2017 0:40,9.03,77.4,0.086,0.077,0.074,25130.12658,16847.41641,16620.72289
1/5/2017 0:50,8.9,77.8,0.083,0.051,0.148,24540.75949,16500.91185,16279.51807
1/5/2017 1:00,8.39,80.1,0.084,0.091,0.108,24121.51899,16245.59271,16001.92771
1/5/2017 1:10,8.45,80.1,0.085,0.059,0.115,23811.64557,15895.44073,15764.81928
1/5/2017 1:20,8.54,78.6,0.085,0.106,0.111,23398.48101,15541.64134,15626.0241
1/5/2017 1:30,8.26,79.9,0.087,0.07,0.145,23021.77215,15034.65046,15383.13253
1/5/2017 1:40,8.04,80.4,0.087,0.059,0.126,21745.82278,14680.85106,15105.54217
1/5/2017 1:50,7.85,81.7,0.086,0.099,0.115,21253.67089,14713.67781,15030.36145
1/5/2017 2:00,7.78,81.5,0.087,0.077,0.111,20937.72152,14286.93009,14712.28916
1/5/2017 2:10,7.76,80.9,0.083,0.091,0.115,21435.94937,14082.67477,14642.89157
1/5/2017 2:20,7.72,81.3,0.088,0.088,0.126,21994.93671,13918.54103,14463.61446
1/5/2017 2:30,7.9,80.9,0.087,0.066,0.13,21757.97468,13710.6383,14301.68675
1/5/2017 2:40,7.87,80,0.081,0.062,0.159,21502.78481,13619.45289,14238.07229
1/5/2017 2:50,7.73,80.4,0.086,0.084,0.159,21393.41772,13539.20973,14214.93976
1/5/2017 3:00,7.53,81.3,0.084,0.077,0.145,21302.27848,13524.62006,14018.31325
1/5/2017 3:10,7.52,81,0.084,0.07,0.204,21356.96203,13488.1459,14116.62651
1/5/2017 3:20,7.53,80.7,0.082,0.066,0.163,21022.78481,13520.97264,13966.26506
1/5/2017 3:30,7.68,79.2,0.081,0.088,0.104,21010.63291,13404.25532,13925.78313
1/5/2017 3:40,7.57,78.1,0.083,0.066,0.141,20870.88608,13371.42857,13775.42169
1/5/2017 3:50,7.44,77,0.083,0.051,0.148,20889.11392,13429.78723,13885.3012
1/5/2017 4:00,7.27,77.4,0.08,0.066,0.152,20876.96203,13334.95441,13850.60241
1/5/2017 4:10,7.16,78.4,0.087,0.081,0.122,20846.58228,13356.83891,13723.37349
1/5/2017 4:20,6.985,79.5,0.087,0.081,0.152,20737.21519,13415.19757,13630.84337
1/5/2017 4:30,6.902,79.6,0.088,0.084,0.108,20834.43038,13444.3769,13781.20482
1/5/2017 4:40,6.898,79.4,0.085,0.066,0.111,20949.87342,13484.49848,13908.43373
1/5/2017 4:50,6.982,77.8,0.086,0.059,0.111,20943.79747,13579.33131,14000.96386
1/5/2017 5:00,6.998,77.3,0.083,0.077,0.148,21144.3038,13776.29179,13966.26506
1/5/2017 5:10,7.31,76.7,0.083,0.07,0.137,21247.59494,13750.75988,14006.74699
1/5/2017 5:20,7.36,75.1,0.086,0.07,0.141,21442.02532,14049.84802,14128.19277
1/5/2017 5:30,7.03,76,0.083,0.04,0.141,21557.46835,14148.32827,14440.48193
1/5/2017 5:40,6.8,78,0.085,0.055,0.167,21922.02532,14228.57143,14324.81928
1/5/2017 5:50,6.922,76.7,0.085,0.077,0.119,22402.02532,14648.02432,14666.0241
1/5/2017 6:00,6.923,72.5,0.087,0.062,0.1,23179.74684,15271.73252,14908.91566
1/5/2017 6:10,7.05,71.9,0.085,0.084,0.115,23598.98734,15297.26444,15180.72289
1/5/2017 6:20,7.02,72.9,0.084,0.066,0.134,23750.88608,15486.93009,15018.79518
1/5/2017 6:30,7.1,73.4,0.086,0.051,0.134,24224.81013,15527.05167,14851.08434
1/5/2017 6:40,6.894,73.7,0.083,0.081,0.093,24583.29114,15683.89058,14972.53012
1/5/2017 6:50,6.438,79.3,0.085,0.051,0.119,24613.67089,15855.31915,15036.14458
1/5/2017 7:00,5.973,80.6,0.089,0.066,0.141,24431.39241,15953.79939,14845.3012
1/5/2017 7:10,5.967,79.9,0.085,0.07,0.119,24771.64557,16314.89362,14151.3253
1/5/2017 7:20,6.344,77,0.086,0.051,0.1,24328.10127,16209.11854,12948.43373
1/5/2017 7:30,6.165,78.9,0.088,0.07,0.111,24419.24051,15829.78723,12133.01205
1/5/2017 7:40,5.944,81.2,0.087,0.077,0.152,24103.29114,15468.69301,11560.48193
1/5/2017 7:50,5.915,81.8,0.088,0.066,0.163,23817.72152,15563.52584,11415.90361
1/5/2017 8:00,5.852,81.7,0.086,0.187,0.26,24121.51899,15654.71125,11473.73494
1/5/2017 8:10,6.054,81.1,0.085,0.922,0.86,24558.98734,16085.10638,11381.20482
1/5/2017 8:20,5.695,82.1,0.087,3.052,2.752,25312.40506,16559.27052,11676.14458
1/5/2017 8:30,5.731,83.2,0.086,6.559,6.446,25725.56962,17150.15198,11971.08434
1/5/2017 8:40,5.814,83.1,0.085,13.12,11.54,26053.67089,17576.8997,12549.39759
1/5/2017 8:50,5.33,81.5,0.085,51.16,24.26,26223.79747,17788.44985,12942.6506
1/5/2017 9:00,5.578,78.6,0.084,75.1,25.83,27153.41772,18014.58967,12954.21687
1/5/2017 9:10,6.087,75.2,0.085,98.3,26.97,27572.65823,18299.08815,13173.9759
1/5/2017 9:20,6.135,74.6,0.085,123,29.01,28064.81013,18623.70821,13607.71084
1/5/2017 9:30,5.959,75.5,0.082,148.3,30.93,29000.50633,18959.27052,13815.90361
1/5/2017 9:40,6.549,73.7,0.082,174.2,32.3,29194.93671,19389.66565,13914.21687
1/5/2017 9:50,6.844,71.2,0.085,200.3,33.84,29474.43038,19677.81155,14186.0241
1/5/2017 10:00,7.12,69.32,0.085,227.2,34.92,29589.87342,19747.11246,14556.14458
1/5/2017 10:10,7.5,66.81,0.086,252.9,36.09,29766.07595,19929.48328,14700.72289
1/5/2017 10:20,8.16,65.28,0.086,277.7,37.37,30416.20253,20345.28875,14793.25301
1/5/2017 10:30,8.7,62.64,0.086,300.1,38.78,31218.22785,20524.01216,14908.91566
1/5/2017 10:40,8.82,65.24,0.084,322.5,40.38,31552.40506,20739.20973,15226.98795
1/5/2017 10:50,9.13,64.67,0.087,344.2,42.41,31904.81013,20648.02432,15284.81928
1/5/2017 11:00,9.73,63.47,0.086,365.7,44.35,31989.87342,20855.92705,15597.10843
1/5/2017 11:10,10.31,63.71,0.083,384.3,45.19,32293.67089,21133.1307,15903.61446
1/5/2017 11:20,10.92,62.44,0.085,401.8,45.14,32494.17722,21275.37994,15926.74699
1/5/2017 11:30,11.58,59.17,0.086,419.3,44.21,32773.67089,21304.55927,16152.28916
1/5/2017 11:40,12.02,59,0.086,433.4,45.06,32907.34177,21184.19453,16285.3012
1/5/2017 11:50,12.61,60.1,0.084,447.5,45.84,32791.89873,21093.00912,16152.28916
1/5/2017 12:00,13.33,61.37,0.084,459.9,46.63,32682.53165,21085.71429,16163.85542
1/5/2017 12:10,14.15,62.6,0.085,468.9,47.67,33144.3038,21403.03951,16198.55422
1/5/2017 12:20,14.53,61.74,0.084,479.2,48.59,33642.53165,21939.20973,16348.91566
1/5/2017 12:30,14.93,59.53,0.085,483.6,49.94,33770.12658,22092.40122,16614.93976
1/5/2017 12:40,15.46,57.7,0.085,488.2,51.74,33417.72152,22117.93313,16626.50602
1/5/2017 12:50,15.9,57.5,0.082,492.2,52.85,33618.22785,22055.92705,16944.57831
1/5/2017 13:00,16.26,57.93,0.084,494.6,53.51,33514.93671,21724.01216,17002.40964
1/5/2017 13:10,16.33,59.37,0.082,495.7,53.52,33903.79747,21906.38298,17106.50602
1/5/2017 13:20,16.5,59.2,0.083,494.3,55.24,33691.13924,21610.94225,17256.86747
1/5/2017 13:30,16.7,59.2,0.082,494.8,58.49,33593.92405,21665.6535,17158.55422
1/5/2017 13:40,17.01,57.9,0.082,473.2,59.77,33575.6962,21829.78723,17129.63855
1/5/2017 13:50,17.14,57.23,0.086,480.6,59.52,33211.13924,21519.75684,17042.89157
1/5/2017 14:00,17.25,57.33,0.081,470.4,62.08,33022.78481,21567.17325,17002.40964
1/5/2017 14:10,17.3,57.3,0.085,463.8,61.4,33016.70886,21523.40426,17083.37349
1/5/2017 14:20,17.55,56.83,0.086,452.8,63.12,32822.27848,21523.40426,16990.84337
1/5/2017 14:30,17.64,55.89,0.085,441.8,64.3,32554.93671,21680.24316,16979.27711
1/5/2017 14:40,17.75,56.13,0.082,429.9,65.59,32457.72152,21749.54407,16817.3494
1/5/2017 14:50,17.9,55.43,0.085,411.4,66.28,32299.74684,21654.71125,16788.43373
1/5/2017 15:00,18.06,54.26,0.087,392.7,70.2,32135.6962,21315.50152,16684.33735
1/5/2017 15:10,18.2,53.29,0.088,372.2,81.6,32208.60759,21479.63526,16487.71084
1/5/2017 15:20,18.09,53.86,0.089,358.8,106.7,31929.11392,21662.00608,16244.81928
1/5/2017 15:30,18.4,53.52,0.088,327.3,144.8,31801.51899,21662.00608,16088.6747
1/5/2017 15:40,18.22,52.65,0.089,265.6,161.9,32020.25316,21534.3465,16169.63855
1/5/2017 15:50,18.34,52.42,0.086,295.5,236,31862.27848,21235.25836,15886.26506
1/5/2017 16:00,17.96,50.78,0.081,212.4,208.6,31661.77215,21093.00912,15822.6506
1/5/2017 16:10,17.33,51.38,0.079,183.4,195.5,31692.1519,21187.84195,15874.6988
1/5/2017 16:20,17.06,52.25,0.076,217.7,245.4,31649.62025,21242.55319,15874.6988
1/5/2017 16:30,17.09,52.32,0.076,191.7,220.1,31418.73418,21114.89362,15944.09639
1/5/2017 16:40,16.9,52.22,0.076,177.7,208,31740.75949,21001.82371,16163.85542
1/5/2017 16:50,16.85,52.78,0.074,153.9,182.3,32117.46835,21173.25228,16360.48193
1/5/2017 17:00,16.58,54.96,0.076,126.4,150.3,32463.79747,21512.46201,17204.81928
1/5/2017 17:10,16.29,56.19,0.077,54.02,60.8,33612.1519,22489.9696,18529.15663
1/5/2017 17:20,16.07,57.29,0.075,80.8,97.1,35775.18987,23503.95137,21663.61446
1/5/2017 17:30,15.9,58.32,0.077,50.62,60.16,38813.16456,25163.52584,23664.57831
1/5/2017 17:40,15.71,58.66,0.075,27.97,32.23,41140.25316,26753.79939,24636.14458
1/5/2017 17:50,15.62,59.16,0.079,29.67,34.37,42580.25316,27527.05167,24913.73494
1/5/2017 18:00,15.15,61.53,0.083,17.81,18.68,43248.60759,27384.80243,25416.86747
1/5/2017 18:10,14.47,62.46,0.09,8.26,8.61,43333.67089,27319.14894,25775.42169
1/5/2017 18:20,14.21,63.53,0.091,3.239,3.356,43661.77215,27432.21884,25839.03614
1/5/2017 18:30,13.91,64.66,0.087,0.875,0.905,43831.89873,27184.19453,25792.77108
1/5/2017 18:40,13.8,65.03,0.088,0.154,0.189,43716.4557,27206.07903,25648.19277
1/5/2017 18:50,13.44,65.56,0.088,0.055,0.152,43643.5443,27184.19453,25879.51807
1/5/2017 19:00,13.19,66.46,0.083,0.051,0.126,43704.3038,27133.1307,25804.33735
1/5/2017 19:10,12.81,67.96,0.073,0.04,0.145,43710.37975,27257.14286,25613.49398
1/5/2017 19:20,12.47,70.1,0.081,0.062,0.108,43819.74684,27625.53191,25648.19277
1/5/2017 19:30,12.51,70.4,0.071,0.077,0.096,43236.4557,27155.0152,25555.66265
1/5/2017 19:40,12.14,71.4,0.075,0.095,0.07,43072.40506,26928.87538,25590.36145
1/5/2017 19:50,11.95,72.4,0.069,0.055,0.082,42829.36709,26965.34954,25538.31325
1/5/2017 20:00,11.86,72.8,0.076,0.055,0.108,42914.43038,26815.80547,25480.48193
1/5/2017 20:10,11.51,73.6,0.088,0.062,0.119,43048.10127,27162.31003,25723.37349
1/5/2017 20:20,11.26,74.2,0.085,0.062,0.093,43187.8481,27337.38602,25821.68675
1/5/2017 20:30,10.98,76.2,0.074,0.059,0.137,43102.78481,27034.65046,25943.13253
1/5/2017 20:40,10.91,76.8,0.077,0.048,0.1,42890.12658,26888.7538,25717.59036
1/5/2017 20:50,10.68,78.5,0.074,0.048,0.119,42586.32911,26764.74164,25636.62651
1/5/2017 21:00,10.85,78.6,0.077,0.055,0.104,41924.05063,26571.42857,25370.60241
1/5/2017 21:10,11,79.7,0.088,0.077,0.108,41577.72152,26330.69909,25451.56627
1/5/2017 21:20,11.53,81.7,0.086,0.059,0.119,41134.17722,26221.2766,25260.72289
1/5/2017 21:30,12.17,80.6,0.092,0.051,0.13,40253.16456,25831.00304,24867.46988
1/5/2017 21:40,11.85,78.9,0.087,0.048,0.13,39366.07595,25466.2614,24537.83133
1/5/2017 21:50,11.28,79.9,0.085,0.044,0.108,39110.88608,25214.58967,24451.08434
1/5/2017 22:00,10.58,81.6,0.082,0.062,0.089,38321.01266,24977.5076,24532.04819
1/5/2017 22:10,10.47,83.1,0.084,0.055,0.134,37974.68354,24806.07903,23901.68675
1/5/2017 22:20,10.84,82.7,0.085,0.059,0.119,37269.87342,24138.60182,23288.6747
1/5/2017 22:30,10.79,80.7,0.09,0.062,0.13,36583.29114,23879.63526,22918.55422
1/5/2017 22:40,10.43,81.7,0.087,0.059,0.126,35969.62025,23434.65046,22750.84337
1/5/2017 22:50,10.08,82.9,0.088,0.066,0.134,35179.74684,22851.06383,22374.93976
1/5/2017 23:00,10,82.7,0.085,0.07,0.122,34177.21519,22303.95137,21709.87952
1/5/2017 23:10,9.81,83.2,0.085,0.07,0.167,33271.89873,21837.08207,21241.44578
1/5/2017 23:20,9.75,83.4,0.085,0.066,0.141,32427.34177,21071.12462,20773.01205
1/5/2017 23:30,9.46,83.6,0.084,0.062,0.145,31394.43038,20476.59574,20431.80723
1/5/2017 23:40,9.09,84.6,0.085,0.033,0.145,30422.27848,19947.72036,19847.71084
1/5/2017 23:50,9.11,84.8,0.088,0.033,0.156,29571.64557,19575.68389,18945.54217
1/6/2017 0:00,8.96,84.9,0.082,0.07,0.145,28623.79747,19035.86626,18176.38554
1/6/2017 0:10,8.91,85.6,0.084,0.062,0.119,28149.87342,18466.8693,17742.6506
1/6/2017 0:20,8.85,85.5,0.086,0.044,0.178,27578.73418,18102.12766,17690.60241
1/6/2017 0:30,8.86,85.6,0.086,0.059,0.115,26873.92405,17642.55319,17222.16867
1/6/2017 0:40,8.88,85.7,0.083,0.051,0.159,26102.27848,17179.33131,16713.25301
1/6/2017 0:50,8.78,85.5,0.082,0.073,0.134,25707.34177,16858.35866,16481.92771
1/6/2017 1:00,8.7,85.5,0.084,0.059,0.13,25045.06329,16314.89362,16082.89157
1/6/2017 1:10,8.57,85.8,0.085,0.073,0.126,24370.63291,15924.62006,15816.86747
1/6/2017 1:20,8.52,86.1,0.088,0.051,0.193,24078.98734,15818.84498,15371.56627
1/6/2017 1:30,8.39,86.7,0.085,0.073,0.126,23653.67089,15264.43769,15238.55422
1/6/2017 1:40,8.41,86.8,0.084,0.081,0.126,23544.3038,15158.66261,15047.71084
1/6/2017 1:50,8.46,87,0.088,0.084,0.163,23118.98734,15089.3617,15018.79518
1/6/2017 2:00,8.31,86.6,0.085,0.077,0.171,23052.1519,14837.68997,14839.51807
1/6/2017 2:10,8.13,86.7,0.083,0.059,0.171,22663.29114,14655.31915,14590.84337
1/6/2017 2:20,7.88,87.4,0.083,0.066,0.148,22231.89873,14633.43465,14417.3494
1/6/2017 2:30,7.91,87.5,0.081,0.095,0.134,21994.93671,14327.05167,14382.6506
1/6/2017 2:40,8.01,87.4,0.083,0.081,0.13,21836.96203,14243.16109,14463.61446
1/6/2017 2:50,8.22,87.6,0.086,0.062,0.134,21970.63291,14057.14286,14376.86747
1/6/2017 3:00,8.38,87,0.087,0.059,0.152,21988.86076,13947.72036,14209.15663
1/6/2017 3:10,8.43,86.8,0.089,0.059,0.171,22013.16456,14009.72644,14041.44578
1/6/2017 3:20,8.14,87.1,0.084,0.055,0.141,21788.35443,13984.19453,14110.84337
1/6/2017 3:30,8.37,87.2,0.088,0.066,0.13,21830.88608,13871.12462,14122.40964
1/6/2017 3:40,8.47,86.9,0.089,0.066,0.167,21678.98734,13980.54711,14116.62651
1/6/2017 3:50,8.19,87,0.088,0.048,0.156,21867.34177,13965.95745,13960.48193
1/6/2017 4:00,8.1,87.4,0.089,0.062,0.215,21727.59494,13947.72036,13948.91566
1/6/2017 4:10,7.93,87.7,0.084,0.037,0.252,21496.70886,13929.48328,13891.08434
1/6/2017 4:20,7.98,88.2,0.092,0.062,0.152,21472.40506,13805.47112,13972.04819
1/6/2017 4:30,8.07,88.1,0.085,0.059,0.174,21302.27848,13732.5228,13896.86747
1/6/2017 4:40,8.03,88.8,0.085,0.091,0.137,21241.51899,13823.70821,13948.91566
1/6/2017 4:50,8.01,88.9,0.087,0.048,0.152,21478.48101,13944.07295,13954.6988
1/6/2017 5:00,7.95,88.9,0.08,0.04,0.156,21545.31646,14122.79635,14157.10843
1/6/2017 5:10,8.09,88.8,0.086,0.055,0.152,21606.07595,14181.15502,14099.27711
1/6/2017 5:20,8.2,88.7,0.08,0.07,0.134,21745.82278,14374.46809,14197.59036
1/6/2017 5:30,8.32,88.6,0.082,0.051,0.171,21946.32911,14385.41033,14330.60241
1/6/2017 5:40,8.66,88.6,0.083,0.07,0.152,22268.35443,14706.38298,14550.36145
1/6/2017 5:50,8.83,87.7,0.084,0.044,0.134,22815.18987,15246.20061,15047.71084
1/6/2017 6:00,8.72,86.8,0.084,0.07,0.111,23580.75949,15807.90274,15267.46988
1/6/2017 6:10,8.61,87.1,0.085,0.073,0.148,23659.74684,15807.90274,14932.04819
1/6/2017 6:20,8.65,86.8,0.085,0.04,0.178,23708.35443,15793.31307,14799.03614
1/6/2017 6:30,8.81,86.7,0.083,0.062,0.174,23872.40506,15851.67173,14880
1/6/2017 6:40,8.57,85.9,0.081,0.073,0.148,24188.35443,16176.29179,14735.42169
1/6/2017 6:50,8.7,86.5,0.086,0.073,0.152,24236.96203,16026.74772,14573.49398
1/6/2017 7:00,9.21,85.5,0.089,0.04,0.152,23848.10127,15953.79939,14342.16867
1/6/2017 7:10,9.46,83.9,0.085,0.066,0.189,23854.17722,16442.55319,13734.93976
1/6/2017 7:20,9.54,82.2,0.082,0.084,0.122,24054.68354,16358.66261,13098.79518
1/6/2017 7:30,9.51,81.3,0.081,0.062,0.119,23902.78481,16081.45897,12213.9759
1/6/2017 7:40,9.29,81.5,0.085,0.059,0.115,23331.64557,15786.01824,11369.63855
1/6/2017 7:50,9.23,81.5,0.082,0.095,0.134,22687.59494,15632.82675,11074.6988
1/6/2017 8:00,9.1,81.7,0.085,0.106,0.23,23088.60759,16070.51672,11040
1/6/2017 8:10,9.04,81.9,0.084,0.761,0.708,24115.44304,16344.07295,11664.57831
1/6/2017 8:20,8.65,82.5,0.084,3.089,2.908,24686.58228,16511.8541,11901.68675
1/6/2017 8:30,8.62,83.6,0.087,5.538,5.259,25306.32911,17157.44681,12144.57831
1/6/2017 8:40,9.03,83.6,0.089,12.6,12.03,25841.01266,17234.04255,12323.85542
1/6/2017 8:50,9.33,82.4,0.081,49.13,35.81,26327.08861,17471.12462,12532.04819
1/6/2017 9:00,9.78,81.7,0.087,78.7,52.65,26995.44304,18127.65957,13029.39759
1/6/2017 9:10,9.88,80.2,0.087,87.2,59.62,27372.1519,18412.15805,13249.15663
1/6/2017 9:20,9.92,79,0.087,78,59.66,28046.58228,18612.76596,13457.3494
1/6/2017 9:30,10.14,78.7,0.081,82.3,73.8,28550.88608,18988.44985,13706.0241
1/6/2017 9:40,10.19,78.6,0.084,106.4,97,29103.79747,19196.35258,13873.73494
1/6/2017 9:50,10.5,77.4,0.086,121.6,115.4,29456.20253,19637.68997,14058.79518
1/6/2017 10:00,10.9,76.1,0.082,114.3,110.2,29796.4557,19772.64438,14035.66265
1/6/2017 10:10,11.12,74.5,0.083,118.9,116,30483.03797,20192.09726,14440.48193
1/6/2017 10:20,11.23,74,0.089,140.9,137.7,31224.3038,20359.87842,14648.6747
1/6/2017 10:30,11.47,73.5,0.089,153.3,151.9,31850.12658,20538.60182,15111.3253
1/6/2017 10:40,11.69,73,0.08,144.4,146.1,32147.8481,21082.06687,15371.56627
1/6/2017 10:50,11.79,73.1,0.083,132.8,133.6,32682.53165,21534.3465,15464.09639
1/6/2017 11:00,11.71,73.4,0.089,140.9,138.8,32925.56962,21734.95441,15585.54217
1/6/2017 11:10,11.83,73.3,0.091,217.2,191.8,33192.91139,22004.86322,15701.20482
1/6/2017 11:20,12.21,73.1,0.086,349.9,253.7,33271.89873,21950.15198,15961.44578
1/6/2017 11:30,12.69,71.7,0.087,224.5,202,33332.65823,22063.22188,16140.72289
1/6/2017 11:40,13.06,69.68,0.082,175.1,167,33454.17722,22201.82371,16192.77108
1/6/2017 11:50,13.42,68.25,0.085,182,176,33405.56962,22008.51064,16175.42169
1/6/2017 12:00,13.69,68.08,0.085,210,197,32943.79747,21990.27356,16476.14458
1/6/2017 12:10,14,67.88,0.083,268.5,218.2,32737.21519,21986.62614,16632.28916
1/6/2017 12:20,14.37,67.41,0.083,274.3,216.5,32482.02532,21775.07599,16690.12048
1/6/2017 12:30,14.7,66.08,0.087,235.1,202.6,31880.50633,21479.63526,16672.77108
1/6/2017 12:40,14.82,65.88,0.085,267.4,231.8,31831.89873,21512.46201,16481.92771
1/6/2017 12:50,14.79,66.31,0.088,290.6,248.8,31813.67089,21556.231,16586.0241
1/6/2017 13:00,15.03,65.74,0.086,332.7,284.8,31880.50633,21293.61702,16666.98795
1/6/2017 13:10,15.22,65.98,2.287,348.7,308.3,32409.11392,21680.24316,16811.56627
1/6/2017 13:20,15.38,66.11,4.708,244.2,234.6,33022.78481,21902.73556,16724.81928
1/6/2017 13:30,15.48,65.38,1.97,177.4,175.9,32913.41772,21993.92097,16678.55422
1/6/2017 13:40,15.56,63.21,0.14,168.6,165.6,32706.83544,21778.7234,16678.55422
1/6/2017 13:50,15.52,62.27,0.094,168.7,172.3,32567.08861,21858.96657,16481.92771
1/6/2017 14:00,15.56,62.1,0.091,215.8,222,32251.13924,21786.01824,16325.78313
1/6/2017 14:10,15.63,61.97,0.083,266.4,271.5,32530.63291,21753.19149,16210.12048
1/6/2017 14:20,15.75,62.24,0.084,291.4,287.6,32305.82278,21556.231,16244.81928
1/6/2017 14:30,15.77,62.07,0.082,280.2,254.7,31795.44304,21461.39818,16279.51807
1/6/2017 14:40,15.78,62.64,0.089,247.7,226.7,32062.78481,21246.20061,16077.10843
1/6/2017 14:50,15.77,63.21,0.082,216.5,207.5,32050.63291,21308.20669,15961.44578
1/6/2017 15:00,15.62,64.31,0.083,181.4,183.2,32056.70886,21497.87234,15949.87952
1/6/2017 15:10,15.51,65.34,0.084,165.9,169,31758.98734,21636.47416,16065.54217
1/6/2017 15:20,15.51,65.68,0.086,162.8,165.5,31473.41772,21421.2766,16065.54217
1/6/2017 15:30,15.45,66.81,0.086,157,161.1,31528.10127,21804.25532,16146.50602
1/6/2017 15:40,15.39,67.01,0.082,158.5,158.8,31491.64557,21731.30699,15961.44578
1/6/2017 15:50,15.39,66.84,0.084,145.9,146.8,31084.55696,21694.83283,15857.3494
1/6/2017 16:00,15.32,66.84,0.083,143.1,142.8,31272.91139,21570.82067,15701.20482
1/6/2017 16:10,15.32,67.01,0.085,143.3,144.1,31528.10127,21348.32827,15782.16867
1/6/2017 16:20,15.32,67.28,0.08,131.9,133.8,31406.58228,21005.47112,15620.24096
1/6/2017 16:30,15.28,67.48,0.082,111.7,113.6,31807.59494,20990.88146,15579.75904
1/6/2017 16:40,15.25,68.21,0.082,94.1,95.5,32232.91139,21282.67477,15828.43373
1/6/2017 16:50,15.19,68.68,0.08,78.1,79.2,32348.35443,21457.75076,16314.21687
1/6/2017 17:00,15.18,69.12,0.084,62.09,62.59,32828.35443,21727.65957,17222.16867
1/6/2017 17:10,15.1,69.62,0.084,49.33,49.36,33915.94937,22121.58055,18373.01205
1/6/2017 17:20,14.99,70.1,0.086,42.35,42.44,35617.21519,23117.32523,20732.53012
1/6/2017 17:30,14.91,70.3,0.086,38.2,39.13,38339.24051,24889.9696,22693.01205
1/6/2017 17:40,14.84,70.3,0.086,30.99,31.5,40927.59494,26184.80243,23971.08434
1/6/2017 17:50,14.72,72.1,0.083,23.54,23.81,42379.74684,26994.52888,24445.3012
1/6/2017 18:00,14.51,73.8,0.084,13.38,13.36,42610.63291,27129.48328,24427.95181
1/6/2017 18:10,14.31,74.7,0.085,7.34,7.43,43035.94937,27395.74468,24641.92771
1/6/2017 18:20,14.17,75.3,0.086,2.701,2.73,43175.6962,27322.79635,25139.27711
1/6/2017 18:30,13.99,76.2,0.083,0.608,0.668,42993.41772,27187.84195,25162.40964
1/6/2017 18:40,13.87,76.4,0.089,0.099,0.182,42975.18987,27147.72036,25012.04819
1/6/2017 18:50,13.95,75.9,0.087,0.055,0.108,42756.4557,26914.28571,25075.66265
1/6/2017 19:00,13.97,74.4,0.085,0.084,0.082,42404.05063,26866.8693,25127.71084
1/6/2017 19:10,13.85,74,0.09,0.033,0.07,42385.82278,26885.10638,25295.42169
1/6/2017 19:20,13.58,74.8,0.086,0.055,0.085,42355.44304,26958.05471,25353.25301
1/6/2017 19:30,13.34,76,0.083,0.07,0.148,42282.53165,26844.9848,25405.3012
1/6/2017 19:40,13.28,76,0.086,0.059,0.111,42136.70886,26593.31307,25220.24096
1/6/2017 19:50,13.32,75.6,0.084,0.033,0.141,41924.05063,26476.59574,25341.68675
1/6/2017 20:00,13.41,75,0.083,0.022,0.111,41516.96203,26527.65957,25451.56627
1/6/2017 20:10,13.42,73.5,0.084,0.066,0.13,42082.02532,26673.55623,25520.96386
1/6/2017 20:20,13.34,74.6,0.085,0.044,0.156,42130.63291,26618.84498,25573.01205
1/6/2017 20:30,13.01,75.9,0.087,0.073,0.115,42106.32911,26407.29483,25393.73494
1/6/2017 20:40,12.71,76.7,0.087,0.073,0.096,41978.73418,26538.60182,25561.44578
1/6/2017 20:50,12.5,77.7,0.087,0.048,0.152,41705.31646,26582.37082,25659.75904
1/6/2017 21:00,12.53,78,0.085,0.07,0.122,41334.68354,26348.93617,25411.08434
1/6/2017 21:10,12.61,77.3,0.088,0.026,0.148,41061.26582,26283.28267,25347.46988
1/6/2017 21:20,12.59,76.6,0.087,0.081,0.111,40538.73418,26206.68693,25197.10843
1/6/2017 21:30,12.48,77.2,0.088,0.066,0.119,39700.25316,25809.11854,24688.19277
1/6/2017 21:40,12.41,77.8,0.083,0.04,0.134,39353.92405,25396.96049,24040.48193
1/6/2017 21:50,12.49,77.6,0.086,0.044,0.137,38934.68354,25108.81459,23994.21687
1/6/2017 22:00,12.45,77.5,0.085,0.055,0.122,38090.12658,24806.07903,23647.22892
1/6/2017 22:10,12.53,77.5,0.086,0.055,0.137,37494.68354,24452.27964,23444.81928
1/6/2017 22:20,12.55,77.5,0.084,0.033,0.148,36844.55696,23872.34043,22970.60241
1/6/2017 22:30,12.35,78.1,0.086,0.051,0.115,36115.44304,23372.64438,22507.95181
1/6/2017 22:40,12.42,78,0.085,0.062,0.104,35653.67089,23193.92097,22311.3253
1/6/2017 22:50,12.32,78,0.09,0.044,0.171,34894.17722,22821.8845,22004.81928
1/6/2017 23:00,12.28,78.1,0.085,0.037,0.167,33551.39241,22154.40729,21495.90361
1/6/2017 23:10,12.39,77,0.088,0.051,0.126,32992.40506,21702.12766,20842.40964
1/6/2017 23:20,12.37,76.4,0.085,0.055,0.119,32002.02532,20914.28571,20495.42169
1/6/2017 23:30,12.57,74.9,0.089,0.07,0.134,31181.77215,20421.8845,20038.55422
1/6/2017 23:40,12.55,73.8,0.083,0.048,0.152,30325.06329,19779.93921,19373.49398
1/6/2017 23:50,12.64,72.8,0.084,0.051,0.145,29760,19517.32523,19049.63855
1/7/2017 0:00,12.48,74.8,0.083,0.055,0.141,28927.59494,18875.37994,18529.15663
1/7/2017 0:10,12.29,75.1,0.088,0.062,0.119,28052.65823,18477.81155,18153.25301
1/7/2017 0:20,12.16,76.2,0.083,0.04,0.137,27220.25316,17934.3465,17551.80723
1/7/2017 0:30,12.1,76.4,0.085,0.055,0.137,26831.39241,17445.59271,17123.85542
1/7/2017 0:40,12.14,76.3,0.087,0.059,0.126,26363.5443,17186.62614,16684.33735
1/7/2017 0:50,12.11,76.1,0.082,0.073,0.145,25768.10127,16851.06383,16348.91566
1/7/2017 1:00,11.95,77,0.089,0.059,0.145,24923.5443,16431.61094,16181.20482
1/7/2017 1:10,11.87,77.1,0.088,0.048,0.141,24322.02532,16238.29787,15932.53012
1/7/2017 1:20,11.79,77.1,0.086,0.04,0.126,23860.25316,15658.35866,15585.54217
1/7/2017 1:30,11.52,78.3,0.083,0.059,0.122,23690.12658,15333.7386,15423.61446
1/7/2017 1:40,11.4,78.8,0.087,0.059,0.163,23635.44304,15107.59878,15076.62651
1/7/2017 1:50,11.35,79,0.093,0.048,0.122,23337.72152,14888.7538,14891.56627
1/7/2017 2:00,11.32,78.9,0.09,0.051,0.13,23027.8481,14753.79939,14856.86747
1/7/2017 2:10,11.11,79.8,0.089,0.037,0.13,22717.97468,14476.59574,14781.68675
1/7/2017 2:20,10.8,80.6,0.085,0.026,0.171,22711.89873,14392.70517,14561.92771
1/7/2017 2:30,10.39,82.2,0.086,0.088,0.122,22487.08861,14327.05167,14492.53012
1/7/2017 2:40,10.28,82.7,0.089,0.044,0.152,22414.17722,14188.44985,14544.57831
1/7/2017 2:50,10.4,82.6,0.088,0.037,0.115,22171.13924,14159.27052,14475.18072
1/7/2017 3:00,10.71,82,0.088,0.044,0.137,21873.41772,14009.72644,14463.61446
1/7/2017 3:10,10.76,80.6,0.088,0.059,0.178,21830.88608,13900.30395,14313.25301
1/7/2017 3:20,10.68,80.5,0.084,0.059,0.126,21946.32911,13918.54103,14099.27711
1/7/2017 3:30,10.58,80.5,0.085,0.037,0.145,21934.17722,13838.29787,14151.3253
1/7/2017 3:40,10.23,81.8,0.089,0.055,0.126,21867.34177,13736.17021,14139.75904
1/7/2017 3:50,9.9,82.8,0.086,0.099,0.126,21642.53165,13805.47112,14110.84337
1/7/2017 4:00,9.77,83.3,0.088,0.073,0.111,21508.86076,13776.29179,14000.96386
1/7/2017 4:10,9.56,83.9,0.089,0.066,0.13,21484.55696,13841.94529,13977.83133
1/7/2017 4:20,9.37,84.6,0.089,0.044,0.171,21332.65823,13739.81763,13948.91566
1/7/2017 4:30,9.43,84.7,0.088,0.029,0.185,21338.73418,13772.64438,14041.44578
1/7/2017 4:40,9.47,84.4,0.086,0.055,0.152,21557.46835,13878.41945,14122.40964
1/7/2017 4:50,9.52,84,0.086,0.059,0.145,21794.43038,13809.11854,14186.0241
1/7/2017 5:00,9.4,84.2,0.085,0.062,0.159,21703.29114,14013.37386,14561.92771
1/7/2017 5:10,9.48,83.9,0.087,0.081,0.134,21806.58228,14126.44377,14544.57831
1/7/2017 5:20,9.46,83.9,0.085,0.029,0.122,21873.41772,14286.93009,14579.27711
1/7/2017 5:30,9.35,83.9,0.09,0.04,0.108,22043.5443,14265.04559,14694.93976
1/7/2017 5:40,9.25,83.6,0.087,0.048,0.152,22414.17722,14472.94833,14775.90361
1/7/2017 5:50,9.03,83.9,0.088,0.077,0.141,22961.01266,14786.62614,15255.90361
1/7/2017 6:00,9.06,83.8,0.09,0.051,0.137,23434.93671,15505.16717,15597.10843
1/7/2017 6:10,8.9,84,0.083,0.04,0.2,23592.91139,15457.75076,15313.73494
1/7/2017 6:20,8.61,84.6,0.086,0.066,0.167,23793.41772,15311.8541,15186.50602
1/7/2017 6:30,8.63,84.7,0.088,0.062,0.152,23835.94937,15249.84802,15088.19277
1/7/2017 6:40,8.6,84.3,0.089,0.066,0.141,23969.62025,15253.49544,15001.44578
1/7/2017 6:50,8.46,84.8,0.087,0.07,0.134,23641.51899,14644.3769,14868.43373
1/7/2017 7:00,8.38,85.2,0.089,0.048,0.152,23501.77215,14294.22492,14671.80723
1/7/2017 7:10,8.36,85.6,0.089,0.04,0.163,23204.05063,14429.17933,13879.51807
1/7/2017 7:20,8.51,85.8,0.087,0.04,0.134,23082.53165,14378.1155,13081.44578
1/7/2017 7:30,8.49,85.4,0.088,0.037,0.122,23009.62025,13812.76596,12092.53012
1/7/2017 7:40,8.41,84.9,0.09,0.062,0.171,23046.07595,13754.40729,11363.85542
1/7/2017 7:50,8.41,84.6,0.09,0.066,0.148,22730.12658,13692.40122,11045.78313
1/7/2017 8:00,8.36,84.8,0.097,0.073,0.223,23021.77215,14064.43769,10959.03614
1/7/2017 8:10,8.4,85.1,0.09,0.593,0.53,23750.88608,14553.19149,11306.0241
1/7/2017 8:20,8.47,85,0.089,4.216,3.95,24291.64557,15005.47112,11589.39759
1/7/2017 8:30,8.48,84.5,0.091,8.92,8.56,24783.79747,15319.14894,11994.21687
1/7/2017 8:40,8.4,84.2,0.088,22.16,20.75,25512.91139,15760.48632,12231.3253
1/7/2017 8:50,8.37,84.2,0.088,55.55,44.16,26096.20253,15826.13982,12410.60241
1/7/2017 9:00,8.43,83.9,0.085,76.5,51.8,26679.49367,16526.44377,12861.68675
1/7/2017 9:10,8.57,83.4,0.085,63.67,38.59,27724.55696,17376.29179,13197.10843
1/7/2017 9:20,8.48,83.4,0.087,53.27,31.65,30203.5443,16227.35562,13630.84337
1/7/2017 9:30,8.66,83.2,0.089,99.6,41.97,30926.58228,16526.44377,13839.03614
1/7/2017 9:40,8.7,82.1,0.091,159.3,47.6,31236.4557,16737.99392,14024.09639
1/7/2017 9:50,9.02,82,0.089,196.8,51.81,31649.62025,17007.90274,14278.55422
1/7/2017 10:00,9.36,81,0.093,222.1,54.29,32567.08861,17358.05471,14839.51807
1/7/2017 10:10,9.68,80.1,0.089,240.4,53.12,31765.06329,19287.53799,15024.57831
1/7/2017 10:20,10.08,79.7,0.092,260.7,51.14,31837.97468,20057.14286,15290.60241
1/7/2017 10:30,10.44,78.6,0.091,283.7,52.52,32299.74684,20093.61702,15608.6747
1/7/2017 10:40,10.78,77.3,0.092,300.3,56.03,33010.63291,20305.16717,15730.12048
1/7/2017 10:50,11.38,76.3,0.087,313.5,58.07,33302.27848,20440.12158,15932.53012
1/7/2017 11:00,11.88,73.8,0.088,341.1,60.48,33417.72152,20735.56231,15938.31325
1/7/2017 11:10,12.19,71.7,0.095,362.1,63.81,33606.07595,21012.76596,16204.33735
1/7/2017 11:20,12.5,72.2,0.088,376,66.11,33721.51899,21202.43161,16505.06024
1/7/2017 11:30,12.88,72.1,0.091,392.8,68.13,33745.82278,21060.18237,16753.73494
1/7/2017 11:40,13.39,71.6,0.095,409,71.4,34128.60759,21319.14894,16904.09639
1/7/2017 11:50,13.64,70.6,0.09,416,76.5,34013.16456,21180.54711,16909.87952
1/7/2017 12:00,14.08,69.95,0.088,429.1,81.3,34067.8481,21198.78419,16979.27711
1/7/2017 12:10,14.41,69.28,0.087,444.5,84,34456.70886,21446.80851,17048.6747
1/7/2017 12:20,14.55,67.78,0.087,454.8,88.5,34371.64557,21527.05167,17268.43373
1/7/2017 12:30,14.65,67.51,0.083,462.5,88.7,34043.5443,21589.05775,17308.91566
1/7/2017 12:40,14.86,66.21,0.083,345.1,96.7,33946.32911,21738.60182,17349.39759
1/7/2017 12:50,14.9,65.58,0.088,251.2,134.6,33314.43038,21775.07599,17372.53012
1/7/2017 13:00,15.04,64.71,0.078,333.3,211.5,33460.25316,21293.61702,17332.04819
1/7/2017 13:10,15.23,61.94,0.078,271.6,202.3,33648.60759,21403.03951,17326.26506
1/7/2017 13:20,14.9,62.1,0.076,199.4,199.1,33496.70886,21147.72036,17204.81928
1/7/2017 13:30,14.78,61.9,0.078,279.9,205.5,33466.32911,21129.48328,17401.44578
1/7/2017 13:40,14.78,60.73,0.078,239.3,181.4,33551.39241,21184.19453,17499.75904
1/7/2017 13:50,14.84,60.3,0.078,206.9,201.5,33296.20253,20830.39514,17407.22892
1/7/2017 14:00,14.74,62.27,0.077,182.6,171.7,32761.51899,20622.4924,17314.6988
1/7/2017 14:10,14.71,62.47,0.078,230.5,189.4,32573.16456,20684.49848,17256.86747
1/7/2017 14:20,14.82,62.44,0.079,194,194.3,32688.60759,20677.20365,17401.44578
1/7/2017 14:30,14.83,63.04,0.074,166,166.2,32457.72152,20553.19149,17493.9759
1/7/2017 14:40,14.81,63.77,0.077,155.7,149.8,32251.13924,20669.90881,17742.6506
1/7/2017 14:50,14.84,65.68,0.074,138.4,138.7,31837.97468,20297.87234,17655.90361
1/7/2017 15:00,14.92,66.81,0.075,163.5,133.5,31886.58228,20195.74468,17465.06024
1/7/2017 15:10,14.89,67.61,0.074,175.2,116.6,32099.24051,19860.18237,17436.14458
1/7/2017 15:20,14.97,67.31,0.075,190,122.1,31862.27848,19860.18237,17418.79518
1/7/2017 15:30,15.12,66.11,0.075,253.5,191,31455.18987,19958.66261,17372.53012
1/7/2017 15:40,15.46,65.78,0.076,315.7,276.7,30969.11392,19907.59878,17285.78313
1/7/2017 15:50,15.57,64.61,0.077,299.7,299.9,30531.64557,19772.64438,17268.43373
1/7/2017 16:00,15.48,64.87,0.075,282.8,306.1,30574.17722,19732.5228,17360.96386
1/7/2017 16:10,15.57,64.94,0.077,262,295.5,30562.02532,19608.51064,17204.81928
1/7/2017 16:20,15.44,65.04,0.072,237.6,272.2,30318.98734,19546.50456,17355.18072
1/7/2017 16:30,15.26,65.38,0.078,213.4,247.4,30434.43038,19575.68389,17285.78313
1/7/2017 16:40,15.19,65.61,0.077,174.3,201.6,30786.83544,19630.39514,17499.75904
1/7/2017 16:50,15.08,66.31,0.08,116.5,132.2,30999.49367,20002.43161,17667.46988
1/7/2017 17:00,14.92,66.94,0.072,87.9,98.9,31746.83544,20710.0304,18477.10843
1/7/2017 17:10,14.89,66.98,0.072,111,132.2,33077.46835,21107.59878,19789.87952
1/7/2017 17:20,14.84,67.21,0.074,96.2,116.2,34541.77215,22088.7538,21999.03614
1/7/2017 17:30,14.77,67.75,0.078,74,89.9,37367.08861,23919.75684,23757.10843
1/7/2017 17:40,14.62,68.28,0.075,51.03,61.94,39657.72152,25178.1155,24936.86747
1/7/2017 17:50,14.45,68.81,0.073,34.82,41.89,41006.58228,25787.23404,25330.12048
1/7/2017 18:00,14.23,69.95,0.077,14.88,15.12,41468.35443,26126.44377,25781.20482
1/7/2017 18:10,14.06,70.9,0.073,8.43,8.52,41589.87342,26079.02736,25873.73494
1/7/2017 18:20,13.86,72,0.075,4.041,4.102,41662.78481,26130.09119,25758.07229
1/7/2017 18:30,13.66,73,0.077,1.449,1.48,41559.49367,26035.25836,25729.15663
1/7/2017 18:40,13.44,73.6,0.077,0.315,0.337,41535.18987,25911.2462,25862.16867
1/7/2017 18:50,12.96,76.1,0.078,0.077,0.108,41687.08861,26060.79027,25948.91566
1/7/2017 19:00,12.63,77,0.079,0.059,0.1,41480.50633,25882.06687,25908.43373
1/7/2017 19:10,12.23,78.2,0.076,0.073,0.089,40976.20253,25688.7538,25867.95181
1/7/2017 19:20,11.97,79.2,0.08,0.059,0.085,40660.25316,25783.58663,26000.96386
1/7/2017 19:30,11.8,80,0.076,0.059,0.104,40775.6962,25834.65046,26145.54217
1/7/2017 19:40,11.77,80,0.075,0.077,0.096,40429.36709,25801.82371,25821.68675
1/7/2017 19:50,11.56,80.4,0.078,0.081,0.089,40757.46835,25422.4924,25434.21687
1/7/2017 20:00,11.64,81.8,0.078,0.044,0.119,40951.89873,25455.31915,25503.61446
1/7/2017 20:10,12.34,81.2,0.077,0.095,0.07,40714.93671,25108.81459,25578.79518
1/7/2017 20:20,12.56,79,0.078,0.044,0.137,40447.59494,24849.84802,25468.91566
1/7/2017 20:30,12.72,77.6,0.076,0.029,0.074,40800,25054.10334,25526.74699
1/7/2017 20:40,12.72,76.4,0.077,0.062,0.152,40490.12658,25243.769,25463.13253
1/7/2017 20:50,12.84,76.5,0.077,0.04,0.119,40490.12658,25108.81459,25636.62651
1/7/2017 21:00,12.93,76.4,0.076,0.059,0.134,40265.31646,24970.21277,25601.92771
1/7/2017 21:10,12.87,77.2,0.076,0.051,0.13,40034.43038,24838.90578,25457.3494
1/7/2017 21:20,12.94,77.6,0.076,0.044,0.126,39590.88608,24729.48328,25150.84337
1/7/2017 21:30,13.17,77.3,0.077,0.04,0.141,39159.49367,24536.17021,25029.39759
1/7/2017 21:40,13.24,77.2,0.078,0.04,0.126,38497.21519,24240.72948,24728.6747
1/7/2017 21:50,13.27,77.3,0.077,0.048,0.148,37816.70886,23894.22492,24404.81928
1/7/2017 22:00,13.22,77.7,0.076,0.048,0.122,37549.36709,23923.40426,24375.90361
1/7/2017 22:10,13.12,78.1,0.078,0.07,0.159,37075.44304,23675.37994,23826.50602
1/7/2017 22:20,13.1,77.9,0.077,0.059,0.126,36364.55696,23058.96657,23635.66265
